<beans xmlns="http://www.springframework.org/schema/beans"
    xmlns:xsi="http://www.w3.org/2001/XMLSchema-instance"
    xsi:schemaLocation="http://www.springframework.org/schema/beans
    http://www.springframework.org/schema/beans/spring-beans-3.0.xsd">
    
    <bean id="USA_BEDBATH" class="org.springframework.jndi.JndiObjectFactoryBean"
        scope="singleton">
        <property name="jndiName" value="USA_BEDBATH" />
        <property name="resourceRef" value="true" />
    </bean>
    
    <bean id="USA_HARMON" class="org.springframework.jndi.JndiObjectFactoryBean"
        scope="singleton">
        <property name="jndiName" value="USA_HARMON" />
        <property name="resourceRef" value="true" />
    </bean>

    <bean id="USA_CTS" class="org.springframework.jndi.JndiObjectFactoryBean"
        scope="singleton">
        <property name="jndiName" value="USA_CTS" />
        <property name="resourceRef" value="true" />
    </bean>

    <bean id="CAN_BEDBATH" class="org.springframework.jndi.JndiObjectFactoryBean"
        scope="singleton">
        <property name="jndiName" value="CAN_BEDBATH" />
        <property name="resourceRef" value="true" />
    </bean>
    <bean id="CAN_BABY" class="org.springframework.jndi.JndiObjectFactoryBean"
        scope="singleton">
        <property name="jndiName" value="CAN_BABY" />
        <property name="resourceRef" value="true" />
    </bean>

    <bean id="MEX_BEDBATH" class="org.springframework.jndi.JndiObjectFactoryBean"
        scope="singleton">
        <property name="jndiName" value="MEX_BEDBATH" />
        <property name="resourceRef" value="true" />
    </bean>
    <bean id="dataSource" class="com.bedbath.common.datasource.ApplicationRoutingDataSource">
        <property name="targetDataSources">
            <map key-type="java.lang.String">
                <entry key="USA_BEDBATH" value-ref="USA_BEDBATH"/>
                <entry key="USA_HARMON" value-ref="USA_HARMON"/>
                <entry key="USA_CTS" value-ref="USA_CTS"/>
                <entry key="CAN_BEDBATH" value-ref="CAN_BEDBATH"/>
                <entry key="CAN_BABY" value-ref="CAN_BABY"/>
                <entry key="MEX_BEDBATH" value-ref="MEX_BEDBATH"/>
            </map>
        </property>
        <property name="defaultTargetDataSource" ref="USA_BEDBATH"/>
    </bean>
    
   
   <bean id="jdbcTemplate" class="org.springframework.jdbc.core.JdbcTemplate">
     <property name="dataSource" ref="dataSource" />     
     <property name="skipUndeclaredResults" value="true"></property>
   </bean> 
   
</beans>