<beans xmlns="http://www.springframework.org/schema/beans"
	xmlns:xsi="http://www.w3.org/2001/XMLSchema-instance"
	xsi:schemaLocation="http://www.springframework.org/schema/beans
    http://www.springframework.org/schema/beans/spring-beans-3.0.xsd">

	<bean id="secService" class="com.bedbath.security.service.SecurityServiceImpl">
		<property name="userSecurityDAO" ref="userSecurityDAO"></property>
	</bean>

	<bean id="userSecurityDAO" class="com.bedbath.security.model.dao.jdbc.UserSecurityDAO" />


	<bean id="hikariTest" class="com.bedbath.security.util.TestConnection"
		lazy-init="true">

	</bean>

	<bean id="securityRoutingDataSource" class="com.bedbath.security.util.SecurityRoutingDataSource">
		<property name="targetDataSources">
			<map key-type="java.lang.String">
				<entry key="Primary" value-ref="USA_BEDBATH" />
				<entry key="Secondary" value-ref="MEX_BEDBATH" />
			</map>
		</property>
		<property name="defaultTargetDataSource" ref="USA_BEDBATH" />
	</bean>


</beans>	