<?xml version="1.0" encoding="UTF-8"?>

<beans xmlns="http://www.springframework.org/schema/beans"
    xmlns:cache="http://www.springframework.org/schema/cache" 
	xmlns:aop="http://www.springframework.org/schema/aop" 
	xmlns:xsi="http://www.w3.org/2001/XMLSchema-instance"
	xmlns:context="http://www.springframework.org/schema/context"
	xmlns:mvc="http://www.springframework.org/schema/mvc" 
	xmlns:tx="http://www.springframework.org/schema/tx"
	xmlns:util="http://www.springframework.org/schema/util" 
	xmlns:oxm="http://www.springframework.org/schema/oxm"
	xmlns:task="http://www.springframework.org/schema/task"
	xmlns:elasticsearch="http://www.pilato.fr/schema/elasticsearch"
	xsi:schemaLocation="http://www.springframework.org/schema/beans 
                    http://www.springframework.org/schema/beans/spring-beans-4.0.xsd 
                    http://www.springframework.org/schema/tx 
                    http://www.springframework.org/schema/tx/spring-tx-4.0.xsd
                    http://www.springframework.org/schema/aop 
                    http://www.springframework.org/schema/aop/spring-aop-4.0.xsd 
                    http://www.springframework.org/schema/context 
                    http://www.springframework.org/schema/context/spring-context-4.0.xsd
                    http://www.springframework.org/schema/mvc
                    http://www.springframework.org/schema/mvc/spring-mvc-4.0.xsd
                    http://www.springframework.org/schema/util
                    http://www.springframework.org/schema/util/spring-util-4.0.xsd
                    http://www.springframework.org/schema/oxm 
                    http://www.springframework.org/schema/oxm/spring-oxm.xsd
                    http://www.pilato.fr/schema/elasticsearch 
                    http://www.pilato.fr/schema/elasticsearch/elasticsearch-0.3.xsd  
 					http://www.springframework.org/schema/task
 					http://www.springframework.org/schema/task/spring-task-4.0.xsd                                      
					http://www.springframework.org/schema/cache
					http://www.springframework.org/schema/cache/spring-cache.xsd">
     
	<import resource="routingDataSource.xml" />
	<import resource="security.xml" />
	
	 <context:property-placeholder location="file:${catalina.base}/conf/SignSystemMaintenance.properties" />
  
    <util:map id="esProperties">
   		<entry key="cluster.name" value="${esClusterName}"/>
   		<entry key="client.transport.ping_timeout" value="30s"/>
	</util:map>
	
    <!-- <elasticsearch:client id="esClient" esNodes="${esNodes}" properties="esProperties" />  -->
	
	<bean id="contentNegotiationManager"
             class="org.springframework.web.accept.ContentNegotiationManagerFactoryBean">
	    <property name="favorPathExtension" value="false" />
	    <property name="favorParameter" value="true" />
	    <property name="parameterName" value="mediaType" />
	    <property name="ignoreAcceptHeader" value="true"/>
	    <property name="useJaf" value="false"/>
	    <property name="defaultContentType" value="application/json" />

	    <property name="mediaTypes">
	        <map>
	            <entry key="html" value="text/html" />
	            <entry key="json" value="application/json" />
	            <entry key="xml" value="application/xml" />
	       </map>
	    </property>
    </bean>
    
	<mvc:annotation-driven content-negotiation-manager="contentNegotiationManager"/>
	 
	<!-- Scan for controllers and services -->	
	<context:component-scan base-package="com.bedbath.common" />
	<!-- <context:component-scan base-package="com.bedbath.ssm" />  -->
	<context:component-scan base-package="com.bedbath" />
	<context:component-scan base-package="com.bedbath.common.jdbc" />
		
	

    <aop:aspectj-autoproxy />
    <task:annotation-driven /> 


	<bean id="actionResolver"
		class="org.springframework.web.servlet.mvc.multiaction.ParameterMethodNameResolver">
		<property name="paramName">
			<value>action</value>
		</property>
	</bean>

    <bean id="viewResolver"
        class="org.springframework.web.servlet.view.InternalResourceViewResolver">
        <property name="viewClass">
            <value>org.springframework.web.servlet.view.JstlView</value>
        </property>
        <property name="prefix">
        	<value>/WEB-INF/jsp/</value>
        </property>
        <property name="suffix">
            <value>.jsp</value>
        </property>
    </bean>

   <bean id="sessionValidate" class="com.bedbath.common.aspects.SessionValidate"/>
   
   <!-- Configures Handler Interceptors -->
   <mvc:interceptors>
        <bean name="WebInterceptor" class="com.bedbath.common.interceptor.WebInterceptor" />
   </mvc:interceptors>
    
   <aop:config>
        <aop:aspect id="sessionAspect" ref="sessionValidate">       
        <aop:pointcut id="controllerPointCut" 
          expression="execution(* com.bedbath.bfo.transfer.web.*.*(..)) "/>
        <aop:around pointcut-ref="controllerPointCut" method="validate"/>
        </aop:aspect>       
   </aop:config>


    
</beans>