<?xml version="1.0" encoding="UTF-8"?>

<!-- For assistance related to logback-translator or configuration  -->
<!-- files in general, please contact the logback user mailing list -->
<!-- at http://www.qos.ch/mailman/listinfo/logback-user             -->
<!--                                                                -->
<!-- For professional support please see                            -->
<!--    http://www.qos.ch/shop/products/professionalSupport         -->
<!--                                                                -->
<configuration>
  <appender name="A1" class="ch.qos.logback.core.rolling.RollingFileAppender">
    <!--See also http://logback.qos.ch/manual/appenders.html#RollingFileAppender-->
    <File>${catalina.base}//logs//SignSystemMaintenance.log</File>
    <encoder>
      <pattern>%date %-5level %logger{0} country: %X{country} concept: %X{concept} %t - %message%n</pattern>
    </encoder>
    <rollingPolicy class="ch.qos.logback.core.rolling.FixedWindowRollingPolicy">
      <maxIndex>5</maxIndex>
      <FileNamePattern>${catalina.base}//logs//SignSystemMaintenance.log.%i</FileNamePattern>
    </rollingPolicy>
    <triggeringPolicy class="ch.qos.logback.core.rolling.SizeBasedTriggeringPolicy">
      <MaxFileSize>2096KB</MaxFileSize>
    </triggeringPolicy>
  </appender>
  
  <appender name="A2" class="ch.qos.logback.core.ConsoleAppender">
    <encoder>
      <pattern>%date %-5level %logger{0} country: %X{country} concept: %X{concept} %t - \(%class{25}:%line -%message%n\</pattern>
    </encoder>
  </appender>
  
  <appender name="mail" class="ch.qos.logback.classic.net.SMTPAppender">
    <!--See http://logback.qos.ch/manual/appenders.html#SMTPAppender-->
    <!--for documentation-->
    <From>SignSystemMaintenance@bedbath.com</From>
    <BufferSize>3</BufferSize>
    <!-- <To>ocscps@bedbath.com</To>  -->
    <!--  <To>shireesha.jella@bedbath.com</To>  -->
    <To>Gregory.pyle@bedbath.com</To>
    <To>Shalaj.Jain@bedbath.com</To>
    
    
    <!-- <To>arcibel.quizon@bedbath.com</To>  -->
    <Subject>Application Error Occurred - ${HOSTNAME}</Subject>
    <SMTPHost>SMTP.BEDBATH.COM</SMTPHost>
    <layout class="ch.qos.logback.classic.PatternLayout">
      <pattern>host: ${HOSTNAME} country: %X{country} concept: %X{concept} %d{yyyy-MM-dd HH:mm:ss.SSS} %5p %c{1}:%L - %m%n</pattern>
    </layout>
    
    <!-- send just one log entry per email, if not specified will send the last 256 enteries --> 
    <cyclicBufferTracker class="ch.qos.logback.core.spi.CyclicBufferTrackerImpl">
      <bufferSize>1</bufferSize>
    </cyclicBufferTracker>
    
    <filter class="ch.qos.logback.classic.filter.ThresholdFilter">
      <level>error</level>
    </filter>
  </appender>
  <logger name="com.zaxxer.hikari" level="info" />
  <root level="DEBUG">
    <appender-ref ref="A1"/>
    <appender-ref ref="A2"/> 
    <appender-ref ref="mail"/>
  </root>
</configuration>
