{"paths":{"BBB.core.grid.column.AllCapsText":"packages/remote/lookupapp3/src/common/core-all.js","BBB.core.grid.column.Amount":"packages/remote/lookupapp3/src/common/core-all.js","BBB.core.grid.column.CapText":"packages/remote/lookupapp3/src/common/core-all.js","BBB.core.grid.column.Quantity":"packages/remote/lookupapp3/src/common/core-all.js","Ext":"ext/classic/classic/src","Ext.AbstractManager":"ext/packages/core/src/AbstractManager.js","Ext.Ajax":"ext/packages/core/src/Ajax.js","Ext.AnimationQueue":"ext/packages/core/src/AnimationQueue.js","Ext.Array":"ext/packages/core/src/lang/Array.js","Ext.Assert":"ext/packages/core/src/lang/Assert.js","Ext.Base":"ext/packages/core/src/class/Base.js","Ext.Boot":".sencha/app/Boot.js","Ext.Class":"ext/packages/core/src/class/Class.js","Ext.ClassManager":"ext/packages/core/src/class/ClassManager.js","Ext.ComponentManager":"ext/packages/core/src/ComponentManager.js","Ext.ComponentQuery":"ext/packages/core/src/ComponentQuery.js","Ext.Config":"ext/packages/core/src/class/Config.js","Ext.Configurator":"ext/packages/core/src/class/Configurator.js","Ext.Date":"ext/packages/core/src/lang/Date.js","Ext.Deferred":"ext/packages/core/src/Deferred.js","Ext.Error":"ext/packages/core/src/lang/Error.js","Ext.Evented":"ext/packages/core/src/Evented.js","Ext.Factory":"ext/packages/core/src/mixin/Factoryable.js","Ext.Function":"ext/packages/core/src/lang/Function.js","Ext.GlobalEvents":"ext/packages/core/src/GlobalEvents.js","Ext.Glyph":"ext/packages/core/src/Glyph.js","Ext.Inventory":"ext/packages/core/src/class/Inventory.js","Ext.JSON":"ext/packages/core/src/JSON.js","Ext.Loader":"ext/packages/core/src/class/Loader.js","Ext.Mixin":"ext/packages/core/src/class/Mixin.js","Ext.Msg":"ext/classic/classic/src/window/MessageBox.js","Ext.Number":"ext/packages/core/src/lang/Number.js","Ext.Object":"ext/packages/core/src/lang/Object.js","Ext.Progress":"ext/packages/core/src/Progress.js","Ext.ProgressBase":"ext/packages/core/src/ProgressBase.js","Ext.Promise":"ext/packages/core/src/Promise.js","Ext.Script":"ext/packages/core/src/class/Inventory.js","Ext.String":"ext/packages/core/src/lang/String.js","Ext.String.format":"ext/packages/core/src/Template.js","Ext.TaskQueue":"ext/packages/core/src/TaskQueue.js","Ext.Template":"ext/packages/core/src/Template.js","Ext.Util":"ext/packages/core/src/Util.js","Ext.Version":"ext/packages/core/src/util/Version.js","Ext.Widget":"ext/packages/core/src/Widget.js","Ext.XTemplate":"ext/packages/core/src/XTemplate.js","Ext.app":"ext/packages/core/src/app","Ext.browser":"ext/packages/core/src/env/Browser.js","Ext.class":"ext/packages/core/src/class","Ext.data":"ext/packages/core/src/data","Ext.direct":"ext/packages/core/src/direct","Ext.dom":"ext/packages/core/src/dom","Ext.dom.ButtonElement":"ext/classic/classic/src/dom/ButtonElement.js","Ext.dom.Layer":"ext/classic/classic/src/dom/Layer.js","Ext.drag":"ext/packages/core/src/drag","Ext.env":"ext/packages/core/src/env","Ext.event":"ext/packages/core/src/event","Ext.event.publisher.MouseEnterLeave":"ext/classic/classic/src/event/publisher/MouseEnterLeave.js","Ext.feature":"ext/packages/core/src/env/Feature.js","Ext.fx.Animation":"ext/packages/core/src/fx/Animation.js","Ext.fx.Runner":"ext/packages/core/src/fx/Runner.js","Ext.fx.State":"ext/packages/core/src/fx/State.js","Ext.fx.animation":"ext/packages/core/src/fx/animation","Ext.fx.easing":"ext/packages/core/src/fx/easing","Ext.fx.layout":"ext/packages/core/src/fx/layout","Ext.fx.runner":"ext/packages/core/src/fx/runner","Ext.lang":"ext/packages/core/src/lang","Ext.list":"ext/packages/core/src/list","Ext.locale.es.Component":"ext/classic/locale/overrides/es/Component.js","Ext.locale.es.data.validator.Presence":"ext/classic/locale/overrides/es/data/validator/Presence.js","Ext.locale.es.form.CheckboxGroup":"ext/classic/locale/overrides/es/form/CheckboxGroup.js","Ext.locale.es.form.RadioGroup":"ext/classic/locale/overrides/es/form/RadioGroup.js","Ext.locale.es.form.field.Base":"ext/classic/locale/overrides/es/form/field/Base.js","Ext.locale.es.form.field.ComboBox":"ext/classic/locale/overrides/es/form/field/ComboBox.js","Ext.locale.es.form.field.Date":"ext/classic/locale/overrides/es/form/field/Date.js","Ext.locale.es.form.field.File":"ext/classic/locale/overrides/es/form/field/File.js","Ext.locale.es.form.field.HtmlEditor":"ext/classic/locale/overrides/es/form/field/HtmlEditor.js","Ext.locale.es.form.field.Number":"ext/classic/locale/overrides/es/form/field/Number.js","Ext.locale.es.form.field.Text":"ext/classic/locale/overrides/es/form/field/Text.js","Ext.locale.es.form.field.Time":"ext/classic/locale/overrides/es/form/field/Time.js","Ext.locale.es.form.field.VTypes":"ext/classic/locale/overrides/es/form/field/VTypes.js","Ext.locale.es.grid.PropertyColumnModel":"ext/classic/locale/overrides/es/grid/PropertyColumnModel.js","Ext.locale.es.grid.feature.Grouping":"ext/classic/locale/overrides/es/grid/feature/Grouping.js","Ext.locale.es.grid.filters.filter.Boolean":"ext/classic/locale/overrides/es/grid/filters/filter/Boolean.js","Ext.locale.es.grid.filters.filter.List":"ext/classic/locale/overrides/es/grid/filters/filter/List.js","Ext.locale.es.grid.header.Container":"ext/classic/locale/overrides/es/grid/header/Container.js","Ext.locale.es.grid.plugin.DragDrop":"ext/classic/locale/overrides/es/grid/plugin/DragDrop.js","Ext.locale.es.picker.Date":"ext/classic/locale/overrides/es/picker/Date.js","Ext.locale.es.picker.Month":"ext/classic/locale/overrides/es/picker/Month.js","Ext.locale.es.toolbar.Paging":"ext/classic/locale/overrides/es/toolbar/Paging.js","Ext.locale.es.view.AbstractView":"ext/classic/locale/overrides/es/view/AbstractView.js","Ext.locale.es.view.View":"ext/classic/locale/overrides/es/view/View.js","Ext.locale.es.window.MessageBox":"ext/classic/locale/overrides/es/window/MessageBox.js","Ext.mixin":"ext/packages/core/src/mixin","Ext.os":"ext/packages/core/src/env/OS.js","Ext.override":"ext/classic/classic/overrides","Ext.overrides":"ext/classic/classic/overrides","Ext.overrides.list.TreeItem":"ext/classic/classic/overrides/list/Item.js","Ext.overrides.util.Positionable":"ext/classic/classic/overrides/Positionable.js","Ext.parse":"ext/packages/core/src/parse","Ext.perf":"ext/packages/core/src/perf","Ext.plugin.Abstract":"ext/packages/core/src/plugin/Abstract.js","Ext.plugin.LazyItems":"ext/packages/core/src/plugin/LazyItems.js","Ext.plugin.MouseEnter":"ext/packages/core/src/plugin/MousEnter.js","Ext.promise":"ext/packages/core/src/promise","Ext.scroll.Scroller":"ext/packages/core/src/scroll/Scroller.js","Ext.sparkline":"ext/packages/core/src/sparkline","Ext.supports":"ext/packages/core/src/env/Feature.js","Ext.theme.neptune":"ext/classic/theme-neptune/overrides","Ext.util":"ext/packages/core/src/util","Ext.util.Animate":"ext/classic/classic/src/util/Animate.js","Ext.util.ClickRepeater":"ext/classic/classic/src/util/ClickRepeater.js","Ext.util.ComponentDragger":"ext/classic/classic/src/util/ComponentDragger.js","Ext.util.Cookies":"ext/classic/classic/src/util/Cookies.js","Ext.util.ElementContainer":"ext/classic/classic/src/util/ElementContainer.js","Ext.util.Floating":"ext/classic/classic/src/util/Floating.js","Ext.util.Focusable":"ext/classic/classic/src/util/Focusable.js","Ext.util.FocusableContainer":"ext/classic/classic/src/util/FocusableContainer.js","Ext.util.Format.format":"ext/packages/core/src/Template.js","Ext.util.KeyMap":"ext/classic/classic/src/util/KeyMap.js","Ext.util.KeyNav":"ext/classic/classic/src/util/KeyNav.js","Ext.util.Memento":"ext/classic/classic/src/util/Memento.js","Ext.util.ProtoElement":"ext/classic/classic/src/util/ProtoElement.js","Ext.util.Queue":"ext/classic/classic/src/util/Queue.js","Ext.util.Renderable":"ext/classic/classic/src/util/Renderable.js","Ext.util.StoreHolder":"ext/classic/classic/src/util/StoreHolder.js","LookupApp.common.ConceptStore":"packages/remote/lookupapp3/src/common/LookupStores.js","LookupApp.common.ConceptStore_CAN":"packages/remote/lookupapp3/src/common/LookupStores.js","LookupApp.common.ConceptStore_MEX":"packages/remote/lookupapp3/src/common/LookupStores.js","LookupApp.common.DaysCombo":"packages/remote/lookupapp3/src/common/LookupStores.js","LookupApp.common.GroupType_en":"packages/remote/lookupapp3/src/common/LookupStores.js","LookupApp.common.GroupType_es":"packages/remote/lookupapp3/src/common/LookupStores.js","LookupApp.common.ItemStatusStore_en":"packages/remote/lookupapp3/src/common/LookupStores.js","LookupApp.common.ItemStatusStore_es":"packages/remote/lookupapp3/src/common/LookupStores.js","LookupApp.common.PrimStatusStore":"packages/remote/lookupapp3/src/common/LookupStores.js","LookupApp.common.PrimStatusStore_en":"packages/remote/lookupapp3/src/common/LookupStores.js","LookupApp.common.PrimStatusStore_es":"packages/remote/lookupapp3/src/common/LookupStores.js","LookupApp.common.StoreCountry":"packages/remote/lookupapp3/src/common/LookupStores.js","LookupApp.common.StoreCountry_All":"packages/remote/lookupapp3/src/common/LookupStores.js","LookupApp.common.StoreCountry_CAN":"packages/remote/lookupapp3/src/common/LookupStores.js","LookupApp.common.StoreCountry_MEX":"packages/remote/lookupapp3/src/common/LookupStores.js","LookupApp.common.StoreCountry_USA":"packages/remote/lookupapp3/src/common/LookupStores.js","LookupApp.common.StoreDMElastic":"packages/remote/lookupapp3/src/common/LookupStores.js","LookupApp.common.StoreRegTypes":"packages/remote/lookupapp3/src/common/LookupStores.js","LookupApp.common.StoreRegionElastic":"packages/remote/lookupapp3/src/common/LookupStores.js","LookupApp.common.TruckStatusCombo_en":"packages/remote/lookupapp3/src/common/LookupStores.js","LookupApp.common.TruckStatusCombo_es":"packages/remote/lookupapp3/src/common/LookupStores.js","LookupApp.common.TruckTypeCombo_en":"packages/remote/lookupapp3/src/common/LookupStores.js","LookupApp.common.TruckTypeCombo_es":"packages/remote/lookupapp3/src/common/LookupStores.js","LookupApp.view":"packages/remote/lookupapp3/src","SSM":"app"},"classes":{"BBB.core.grid.column.AllCapsText":{"idx":44,"alias":["widget.bbb_core_grid_column_allcaptext"],"alternates":[]},"BBB.core.grid.column.Amount":{"idx":44,"alias":["widget.bbb_core_grid_column_amount"],"alternates":[]},"BBB.core.grid.column.CapText":{"idx":44,"alias":["widget.bbb_core_grid_column_captext"],"alternates":[]},"BBB.core.grid.column.Quantity":{"idx":44,"alias":["widget.bbb_core_grid_column_quantity"],"alternates":[]},"Ext.AbstractManager":{"alias":[],"alternates":[]},"Ext.Action":{"alias":[],"alternates":[]},"Ext.Ajax":{"alias":[],"alternates":[]},"Ext.AnimationQueue":{"alias":[],"alternates":[]},"Ext.Component":{"alias":["widget.box","widget.component"],"alternates":["Ext.AbstractComponent"]},"Ext.ComponentLoader":{"alias":[],"alternates":[]},"Ext.ComponentManager":{"alias":[],"alternates":["Ext.ComponentMgr"]},"Ext.ComponentQuery":{"alias":[],"alternates":[]},"Ext.Deferred":{"alias":[],"alternates":[]},"Ext.Editor":{"alias":["widget.editor"],"alternates":[]},"Ext.ElementLoader":{"alias":[],"alternates":[]},"Ext.EventManager":{"alias":[],"alternates":[]},"Ext.Evented":{"alias":[],"alternates":["Ext.EventedBase"]},"Ext.GlobalEvents":{"alias":[],"alternates":["Ext.globalEvents"]},"Ext.Glyph":{"alias":[],"alternates":[]},"Ext.Img":{"alias":["widget.image","widget.imagecomponent"],"alternates":[]},"Ext.LoadMask":{"alias":["widget.loadmask"],"alternates":[]},"Ext.Mixin":{"alias":[],"alternates":[]},"Ext.Progress":{"alias":["widget.progress","widget.progressbarwidget"],"alternates":["Ext.ProgressBarWidget"]},"Ext.ProgressBar":{"alias":["widget.progressbar"],"alternates":[]},"Ext.ProgressBase":{"alias":[],"alternates":[]},"Ext.Promise":{"alias":[],"alternates":[]},"Ext.TaskQueue":{"alias":[],"alternates":[]},"Ext.Template":{"alias":[],"alternates":[]},"Ext.Widget":{"alias":["widget.widget"],"alternates":["Ext.Gadget"]},"Ext.XTemplate":{"alias":[],"alternates":[]},"Ext.ZIndexManager":{"alias":[],"alternates":["Ext.WindowGroup"]},"Ext.app.Application":{"alias":[],"alternates":[]},"Ext.app.BaseController":{"alias":[],"alternates":[]},"Ext.app.Controller":{"alias":[],"alternates":[]},"Ext.app.EventBus":{"alias":[],"alternates":[]},"Ext.app.EventDomain":{"alias":[],"alternates":[]},"Ext.app.Profile":{"alias":[],"alternates":[]},"Ext.app.Util":{"alias":[],"alternates":[]},"Ext.app.ViewController":{"alias":["controller.controller"],"alternates":[]},"Ext.app.ViewModel":{"alias":["viewmodel.default"],"alternates":[]},"Ext.app.bind.AbstractStub":{"alias":[],"alternates":[]},"Ext.app.bind.BaseBinding":{"alias":[],"alternates":[]},"Ext.app.bind.Binding":{"alias":[],"alternates":[]},"Ext.app.bind.Formula":{"alias":[],"alternates":[]},"Ext.app.bind.LinkStub":{"alias":[],"alternates":[]},"Ext.app.bind.Multi":{"alias":[],"alternates":[]},"Ext.app.bind.Parser":{"alias":[],"alternates":[]},"Ext.app.bind.RootStub":{"alias":[],"alternates":[]},"Ext.app.bind.Stub":{"alias":[],"alternates":[]},"Ext.app.bind.Template":{"alias":[],"alternates":[]},"Ext.app.bind.TemplateBinding":{"alias":[],"alternates":[]},"Ext.app.domain.Component":{"alias":[],"alternates":[]},"Ext.app.domain.Controller":{"alias":[],"alternates":[]},"Ext.app.domain.Direct":{"alias":[],"alternates":[]},"Ext.app.domain.Global":{"alias":[],"alternates":[]},"Ext.app.domain.Store":{"alias":[],"alternates":[]},"Ext.app.domain.View":{"alias":[],"alternates":[]},"Ext.app.route.Queue":{"alias":[],"alternates":[]},"Ext.app.route.Route":{"alias":[],"alternates":[]},"Ext.app.route.Router":{"alias":[],"alternates":[]},"Ext.button.Button":{"alias":["widget.button"],"alternates":["Ext.Button"]},"Ext.button.Cycle":{"alias":["widget.cycle"],"alternates":["Ext.CycleButton"]},"Ext.button.Manager":{"alias":[],"alternates":["Ext.ButtonToggleManager"]},"Ext.button.Segmented":{"alias":["widget.segmentedbutton"],"alternates":[]},"Ext.button.Split":{"alias":["widget.splitbutton"],"alternates":["Ext.SplitButton"]},"Ext.container.ButtonGroup":{"alias":["widget.buttongroup"],"alternates":["Ext.ButtonGroup"]},"Ext.container.Container":{"alias":["widget.container"],"alternates":["Ext.Container","Ext.AbstractContainer"]},"Ext.container.DockingContainer":{"alias":[],"alternates":[]},"Ext.container.Monitor":{"alias":[],"alternates":[]},"Ext.container.Viewport":{"alias":["widget.viewport"],"alternates":["Ext.Viewport"]},"Ext.dashboard.Column":{"alias":["widget.dashboard-column"],"alternates":[]},"Ext.dashboard.Dashboard":{"alias":["widget.dashboard"],"alternates":[]},"Ext.dashboard.DropZone":{"alias":[],"alternates":[]},"Ext.dashboard.Panel":{"alias":["widget.dashboard-panel"],"alternates":[]},"Ext.dashboard.Part":{"alias":["part.part"],"alternates":[]},"Ext.data.AbstractStore":{"alias":[],"alternates":[]},"Ext.data.ArrayStore":{"alias":["store.array"],"alternates":["Ext.data.SimpleStore"]},"Ext.data.Batch":{"alias":[],"alternates":[]},"Ext.data.BufferedStore":{"alias":["store.buffered"],"alternates":[]},"Ext.data.ChainedStore":{"alias":["store.chained"],"alternates":[]},"Ext.data.Connection":{"alias":[],"alternates":[]},"Ext.data.DirectStore":{"alias":["store.direct"],"alternates":[]},"Ext.data.Error":{"alias":[],"alternates":[]},"Ext.data.ErrorCollection":{"alias":[],"alternates":["Ext.data.Errors"]},"Ext.data.JsonP":{"alias":[],"alternates":[]},"Ext.data.JsonPStore":{"alias":["store.jsonp"],"alternates":[]},"Ext.data.JsonStore":{"alias":["store.json"],"alternates":[]},"Ext.data.LocalStore":{"alias":[],"alternates":[]},"Ext.data.Model":{"alias":[],"alternates":["Ext.data.Record"]},"Ext.data.ModelManager":{"alias":[],"alternates":["Ext.ModelMgr"]},"Ext.data.NodeInterface":{"alias":[],"alternates":[]},"Ext.data.NodeStore":{"alias":["store.node"],"alternates":[]},"Ext.data.PageMap":{"alias":[],"alternates":[]},"Ext.data.ProxyStore":{"alias":[],"alternates":[]},"Ext.data.Request":{"alias":[],"alternates":[]},"Ext.data.ResultSet":{"alias":[],"alternates":[]},"Ext.data.Session":{"alias":[],"alternates":[]},"Ext.data.SortTypes":{"alias":[],"alternates":[]},"Ext.data.Store":{"alias":["store.store"],"alternates":[]},"Ext.data.StoreManager":{"alias":[],"alternates":["Ext.StoreMgr","Ext.data.StoreMgr","Ext.StoreManager"]},"Ext.data.TreeModel":{"alias":[],"alternates":[]},"Ext.data.TreeStore":{"alias":["store.tree"],"alternates":[]},"Ext.data.Types":{"alias":[],"alternates":[]},"Ext.data.Validation":{"alias":[],"alternates":[]},"Ext.data.XmlStore":{"alias":["store.xml"],"alternates":[]},"Ext.data.field.Boolean":{"alias":["data.field.bool","data.field.boolean"],"alternates":[]},"Ext.data.field.Date":{"alias":["data.field.date"],"alternates":[]},"Ext.data.field.Field":{"alias":["data.field.auto"],"alternates":["Ext.data.Field"]},"Ext.data.field.Integer":{"alias":["data.field.int","data.field.integer"],"alternates":[]},"Ext.data.field.Number":{"alias":["data.field.float","data.field.number"],"alternates":[]},"Ext.data.field.String":{"alias":["data.field.string"],"alternates":[]},"Ext.data.flash.BinaryXhr":{"alias":[],"alternates":[]},"Ext.data.identifier.Generator":{"alias":["data.identifier.default"],"alternates":[]},"Ext.data.identifier.Negative":{"alias":["data.identifier.negative"],"alternates":[]},"Ext.data.identifier.Sequential":{"alias":["data.identifier.sequential"],"alternates":[]},"Ext.data.identifier.Uuid":{"alias":["data.identifier.uuid"],"alternates":[]},"Ext.data.matrix.Matrix":{"alias":[],"alternates":[]},"Ext.data.matrix.Side":{"alias":[],"alternates":[]},"Ext.data.matrix.Slice":{"alias":[],"alternates":[]},"Ext.data.operation.Create":{"alias":["data.operation.create"],"alternates":[]},"Ext.data.operation.Destroy":{"alias":["data.operation.destroy"],"alternates":[]},"Ext.data.operation.Operation":{"alias":[],"alternates":["Ext.data.Operation"]},"Ext.data.operation.Read":{"alias":["data.operation.read"],"alternates":[]},"Ext.data.operation.Update":{"alias":["data.operation.update"],"alternates":[]},"Ext.data.proxy.Ajax":{"alias":["proxy.ajax"],"alternates":["Ext.data.HttpProxy","Ext.data.AjaxProxy"]},"Ext.data.proxy.Client":{"alias":[],"alternates":["Ext.data.ClientProxy"]},"Ext.data.proxy.Direct":{"alias":["proxy.direct"],"alternates":["Ext.data.DirectProxy"]},"Ext.data.proxy.JsonP":{"alias":["proxy.jsonp","proxy.scripttag"],"alternates":["Ext.data.ScriptTagProxy"]},"Ext.data.proxy.LocalStorage":{"alias":["proxy.localstorage"],"alternates":["Ext.data.LocalStorageProxy"]},"Ext.data.proxy.Memory":{"alias":["proxy.memory"],"alternates":["Ext.data.MemoryProxy"]},"Ext.data.proxy.Proxy":{"alias":["proxy.proxy"],"alternates":["Ext.data.DataProxy","Ext.data.Proxy"]},"Ext.data.proxy.Rest":{"alias":["proxy.rest"],"alternates":["Ext.data.RestProxy"]},"Ext.data.proxy.Server":{"alias":["proxy.server"],"alternates":["Ext.data.ServerProxy"]},"Ext.data.proxy.SessionStorage":{"alias":["proxy.sessionstorage"],"alternates":["Ext.data.SessionStorageProxy"]},"Ext.data.proxy.WebStorage":{"alias":[],"alternates":["Ext.data.WebStorageProxy"]},"Ext.data.reader.Array":{"alias":["reader.array"],"alternates":["Ext.data.ArrayReader"]},"Ext.data.reader.Json":{"alias":["reader.json"],"alternates":["Ext.data.JsonReader"]},"Ext.data.reader.Reader":{"alias":["reader.base"],"alternates":["Ext.data.Reader","Ext.data.DataReader"]},"Ext.data.reader.Xml":{"alias":["reader.xml"],"alternates":["Ext.data.XmlReader"]},"Ext.data.request.Ajax":{"alias":["request.ajax"],"alternates":[]},"Ext.data.request.Base":{"alias":[],"alternates":[]},"Ext.data.request.Form":{"alias":["request.form"],"alternates":[]},"Ext.data.schema.Association":{"alias":[],"alternates":[]},"Ext.data.schema.ManyToMany":{"alias":[],"alternates":[]},"Ext.data.schema.ManyToOne":{"alias":[],"alternates":[]},"Ext.data.schema.Namer":{"alias":["namer.default"],"alternates":[]},"Ext.data.schema.OneToOne":{"alias":[],"alternates":[]},"Ext.data.schema.Role":{"alias":[],"alternates":[]},"Ext.data.schema.Schema":{"alias":["schema.default"],"alternates":[]},"Ext.data.session.BatchVisitor":{"alias":[],"alternates":[]},"Ext.data.session.ChangesVisitor":{"alias":[],"alternates":[]},"Ext.data.session.ChildChangesVisitor":{"alias":[],"alternates":[]},"Ext.data.validator.Bound":{"alias":["data.validator.bound"],"alternates":[]},"Ext.data.validator.Email":{"alias":["data.validator.email"],"alternates":[]},"Ext.data.validator.Exclusion":{"alias":["data.validator.exclusion"],"alternates":[]},"Ext.data.validator.Format":{"alias":["data.validator.format"],"alternates":[]},"Ext.data.validator.Inclusion":{"alias":["data.validator.inclusion"],"alternates":[]},"Ext.data.validator.Length":{"alias":["data.validator.length"],"alternates":[]},"Ext.data.validator.List":{"alias":["data.validator.list"],"alternates":[]},"Ext.data.validator.Presence":{"alias":["data.validator.presence"],"alternates":[]},"Ext.data.validator.Range":{"alias":["data.validator.range"],"alternates":[]},"Ext.data.validator.Validator":{"alias":["data.validator.base"],"alternates":[]},"Ext.data.writer.Json":{"alias":["writer.json"],"alternates":["Ext.data.JsonWriter"]},"Ext.data.writer.Writer":{"alias":["writer.base"],"alternates":["Ext.data.DataWriter","Ext.data.Writer"]},"Ext.data.writer.Xml":{"alias":["writer.xml"],"alternates":["Ext.data.XmlWriter"]},"Ext.dd.DD":{"alias":[],"alternates":[]},"Ext.dd.DDProxy":{"alias":[],"alternates":[]},"Ext.dd.DDTarget":{"alias":[],"alternates":[]},"Ext.dd.DragDrop":{"alias":[],"alternates":[]},"Ext.dd.DragDropManager":{"alias":[],"alternates":["Ext.dd.DragDropMgr","Ext.dd.DDM"]},"Ext.dd.DragSource":{"alias":[],"alternates":[]},"Ext.dd.DragTracker":{"alias":[],"alternates":[]},"Ext.dd.DragZone":{"alias":[],"alternates":[]},"Ext.dd.DropTarget":{"alias":[],"alternates":[]},"Ext.dd.DropZone":{"alias":[],"alternates":[]},"Ext.dd.Registry":{"alias":[],"alternates":[]},"Ext.dd.ScrollManager":{"alias":[],"alternates":[]},"Ext.dd.StatusProxy":{"alias":[],"alternates":[]},"Ext.direct.Event":{"alias":["direct.event"],"alternates":[]},"Ext.direct.ExceptionEvent":{"alias":["direct.exception"],"alternates":[]},"Ext.direct.JsonProvider":{"alias":["direct.jsonprovider"],"alternates":[]},"Ext.direct.Manager":{"alias":[],"alternates":[]},"Ext.direct.PollingProvider":{"alias":["direct.pollingprovider"],"alternates":[]},"Ext.direct.Provider":{"alias":["direct.provider"],"alternates":[]},"Ext.direct.RemotingEvent":{"alias":["direct.rpc"],"alternates":[]},"Ext.direct.RemotingMethod":{"alias":[],"alternates":[]},"Ext.direct.RemotingProvider":{"alias":["direct.remotingprovider"],"alternates":[]},"Ext.direct.Transaction":{"alias":["direct.transaction"],"alternates":[]},"Ext.dom.ButtonElement":{"alias":[],"alternates":[]},"Ext.dom.CompositeElement":{"alias":[],"alternates":["Ext.CompositeElement"]},"Ext.dom.CompositeElementLite":{"alias":[],"alternates":["Ext.CompositeElementLite"]},"Ext.dom.Element":{"alias":[],"alternates":["Ext.Element"]},"Ext.dom.ElementEvent":{"alias":[],"alternates":[]},"Ext.dom.Fly":{"alias":[],"alternates":["Ext.dom.Element.Fly"]},"Ext.dom.GarbageCollector":{"alias":[],"alternates":[]},"Ext.dom.Helper":{"alias":[],"alternates":["Ext.DomHelper","Ext.core.DomHelper"]},"Ext.dom.Layer":{"alias":[],"alternates":["Ext.Layer"]},"Ext.dom.Query":{"alias":[],"alternates":["Ext.core.DomQuery","Ext.DomQuery"]},"Ext.dom.Shadow":{"alias":[],"alternates":["Ext.Shadow"]},"Ext.dom.Shim":{"alias":[],"alternates":[]},"Ext.dom.TouchAction":{"alias":[],"alternates":[]},"Ext.dom.Underlay":{"alias":[],"alternates":[]},"Ext.dom.UnderlayPool":{"alias":[],"alternates":[]},"Ext.drag.Constraint":{"alias":["drag.constraint.base"],"alternates":[]},"Ext.drag.Info":{"alias":[],"alternates":[]},"Ext.drag.Item":{"alias":[],"alternates":[]},"Ext.drag.Manager":{"alias":[],"alternates":[]},"Ext.drag.Source":{"alias":[],"alternates":[]},"Ext.drag.Target":{"alias":[],"alternates":[]},"Ext.drag.proxy.None":{"alias":["drag.proxy.none"],"alternates":[]},"Ext.drag.proxy.Original":{"alias":["drag.proxy.original"],"alternates":[]},"Ext.drag.proxy.Placeholder":{"alias":["drag.proxy.placeholder"],"alternates":[]},"Ext.event.Event":{"alias":[],"alternates":["Ext.EventObjectImpl"]},"Ext.event.gesture.DoubleTap":{"alias":[],"alternates":[]},"Ext.event.gesture.Drag":{"alias":[],"alternates":[]},"Ext.event.gesture.EdgeSwipe":{"alias":[],"alternates":[]},"Ext.event.gesture.LongPress":{"alias":[],"alternates":[]},"Ext.event.gesture.MultiTouch":{"alias":[],"alternates":[]},"Ext.event.gesture.Pinch":{"alias":[],"alternates":[]},"Ext.event.gesture.Recognizer":{"alias":[],"alternates":[]},"Ext.event.gesture.Rotate":{"alias":[],"alternates":[]},"Ext.event.gesture.SingleTouch":{"alias":[],"alternates":[]},"Ext.event.gesture.Swipe":{"alias":[],"alternates":[]},"Ext.event.gesture.Tap":{"alias":[],"alternates":[]},"Ext.event.publisher.Dom":{"alias":[],"alternates":[]},"Ext.event.publisher.ElementPaint":{"alias":[],"alternates":[]},"Ext.event.publisher.ElementSize":{"alias":[],"alternates":[]},"Ext.event.publisher.Focus":{"alias":[],"alternates":[]},"Ext.event.publisher.Gesture":{"alias":[],"alternates":[]},"Ext.event.publisher.MouseEnterLeave":{"alias":[],"alternates":[]},"Ext.event.publisher.Publisher":{"alias":[],"alternates":[]},"Ext.flash.Component":{"alias":["widget.flash"],"alternates":["Ext.FlashComponent"]},"Ext.form.Basic":{"alias":[],"alternates":["Ext.form.BasicForm"]},"Ext.form.CheckboxGroup":{"alias":["widget.checkboxgroup"],"alternates":[]},"Ext.form.CheckboxManager":{"alias":[],"alternates":[]},"Ext.form.FieldAncestor":{"alias":[],"alternates":[]},"Ext.form.FieldContainer":{"alias":["widget.fieldcontainer"],"alternates":[]},"Ext.form.FieldSet":{"alias":["widget.fieldset"],"alternates":[]},"Ext.form.Label":{"alias":["widget.label"],"alternates":[]},"Ext.form.Labelable":{"alias":[],"alternates":[]},"Ext.form.Panel":{"alias":["widget.form"],"alternates":["Ext.FormPanel","Ext.form.FormPanel"]},"Ext.form.RadioGroup":{"alias":["widget.radiogroup"],"alternates":[]},"Ext.form.RadioManager":{"alias":[],"alternates":[]},"Ext.form.action.Action":{"alias":[],"alternates":["Ext.form.Action"]},"Ext.form.action.DirectAction":{"alias":[],"alternates":[]},"Ext.form.action.DirectLoad":{"alias":["formaction.directload"],"alternates":["Ext.form.Action.DirectLoad"]},"Ext.form.action.DirectSubmit":{"alias":["formaction.directsubmit"],"alternates":["Ext.form.Action.DirectSubmit"]},"Ext.form.action.Load":{"alias":["formaction.load"],"alternates":["Ext.form.Action.Load"]},"Ext.form.action.StandardSubmit":{"alias":["formaction.standardsubmit"],"alternates":[]},"Ext.form.action.Submit":{"alias":["formaction.submit"],"alternates":["Ext.form.Action.Submit"]},"Ext.form.field.Base":{"alias":["widget.field"],"alternates":["Ext.form.Field","Ext.form.BaseField"]},"Ext.form.field.Checkbox":{"alias":["widget.checkbox","widget.checkboxfield"],"alternates":["Ext.form.Checkbox"]},"Ext.form.field.ComboBox":{"alias":["widget.combo","widget.combobox"],"alternates":["Ext.form.ComboBox"]},"Ext.form.field.Date":{"alias":["widget.datefield"],"alternates":["Ext.form.DateField","Ext.form.Date"]},"Ext.form.field.Display":{"alias":["widget.displayfield"],"alternates":["Ext.form.DisplayField","Ext.form.Display"]},"Ext.form.field.Field":{"alias":[],"alternates":[]},"Ext.form.field.File":{"alias":["widget.filefield","widget.fileuploadfield"],"alternates":["Ext.form.FileUploadField","Ext.ux.form.FileUploadField","Ext.form.File"]},"Ext.form.field.FileButton":{"alias":["widget.filebutton"],"alternates":[]},"Ext.form.field.Hidden":{"alias":["widget.hidden","widget.hiddenfield"],"alternates":["Ext.form.Hidden"]},"Ext.form.field.HtmlEditor":{"alias":["widget.htmleditor"],"alternates":["Ext.form.HtmlEditor"]},"Ext.form.field.Number":{"alias":["widget.numberfield"],"alternates":["Ext.form.NumberField","Ext.form.Number"]},"Ext.form.field.Picker":{"alias":["widget.pickerfield"],"alternates":["Ext.form.Picker"]},"Ext.form.field.Radio":{"alias":["widget.radio","widget.radiofield"],"alternates":["Ext.form.Radio"]},"Ext.form.field.Spinner":{"alias":["widget.spinnerfield"],"alternates":["Ext.form.Spinner"]},"Ext.form.field.Tag":{"alias":["widget.tagfield"],"alternates":[]},"Ext.form.field.Text":{"alias":["widget.textfield"],"alternates":["Ext.form.TextField","Ext.form.Text"]},"Ext.form.field.TextArea":{"alias":["widget.textarea","widget.textareafield"],"alternates":["Ext.form.TextArea"]},"Ext.form.field.Time":{"alias":["widget.timefield"],"alternates":["Ext.form.TimeField","Ext.form.Time"]},"Ext.form.field.Trigger":{"alias":["widget.trigger","widget.triggerfield"],"alternates":["Ext.form.TriggerField","Ext.form.TwinTriggerField","Ext.form.Trigger"]},"Ext.form.field.VTypes":{"alias":[],"alternates":["Ext.form.VTypes"]},"Ext.form.trigger.Component":{"alias":["trigger.component"],"alternates":[]},"Ext.form.trigger.Spinner":{"alias":["trigger.spinner"],"alternates":[]},"Ext.form.trigger.Trigger":{"alias":["trigger.trigger"],"alternates":[]},"Ext.fx.Anim":{"alias":[],"alternates":[]},"Ext.fx.Animation":{"alias":[],"alternates":[]},"Ext.fx.Animator":{"alias":[],"alternates":[]},"Ext.fx.CubicBezier":{"alias":[],"alternates":[]},"Ext.fx.DrawPath":{"alias":[],"alternates":[]},"Ext.fx.Easing":{"alias":[],"alternates":[]},"Ext.fx.Manager":{"alias":[],"alternates":[]},"Ext.fx.PropertyHandler":{"alias":[],"alternates":[]},"Ext.fx.Queue":{"alias":[],"alternates":[]},"Ext.fx.Runner":{"alias":[],"alternates":[]},"Ext.fx.State":{"alias":[],"alternates":[]},"Ext.fx.animation.Abstract":{"alias":[],"alternates":[]},"Ext.fx.animation.Cube":{"alias":["animation.cube"],"alternates":[]},"Ext.fx.animation.Fade":{"alias":["animation.fade","animation.fadeIn"],"alternates":["Ext.fx.animation.FadeIn"]},"Ext.fx.animation.FadeOut":{"alias":["animation.fadeOut"],"alternates":[]},"Ext.fx.animation.Flip":{"alias":["animation.flip"],"alternates":[]},"Ext.fx.animation.Pop":{"alias":["animation.pop","animation.popIn"],"alternates":["Ext.fx.animation.PopIn"]},"Ext.fx.animation.PopOut":{"alias":["animation.popOut"],"alternates":[]},"Ext.fx.animation.Slide":{"alias":["animation.slide","animation.slideIn"],"alternates":["Ext.fx.animation.SlideIn"]},"Ext.fx.animation.SlideOut":{"alias":["animation.slideOut"],"alternates":[]},"Ext.fx.animation.Wipe":{"alias":[],"alternates":["Ext.fx.animation.WipeIn"]},"Ext.fx.animation.WipeOut":{"alias":[],"alternates":[]},"Ext.fx.easing.Abstract":{"alias":[],"alternates":[]},"Ext.fx.easing.Bounce":{"alias":[],"alternates":[]},"Ext.fx.easing.BoundMomentum":{"alias":[],"alternates":[]},"Ext.fx.easing.EaseIn":{"alias":["easing.ease-in"],"alternates":[]},"Ext.fx.easing.EaseOut":{"alias":["easing.ease-out"],"alternates":[]},"Ext.fx.easing.Easing":{"alias":[],"alternates":[]},"Ext.fx.easing.Linear":{"alias":["easing.linear"],"alternates":[]},"Ext.fx.easing.Momentum":{"alias":[],"alternates":[]},"Ext.fx.layout.Card":{"alias":[],"alternates":[]},"Ext.fx.layout.card.Abstract":{"alias":[],"alternates":[]},"Ext.fx.layout.card.Cover":{"alias":["fx.layout.card.cover"],"alternates":[]},"Ext.fx.layout.card.Cube":{"alias":["fx.layout.card.cube"],"alternates":[]},"Ext.fx.layout.card.Fade":{"alias":["fx.layout.card.fade"],"alternates":[]},"Ext.fx.layout.card.Flip":{"alias":["fx.layout.card.flip"],"alternates":[]},"Ext.fx.layout.card.Pop":{"alias":["fx.layout.card.pop"],"alternates":[]},"Ext.fx.layout.card.Reveal":{"alias":["fx.layout.card.reveal"],"alternates":[]},"Ext.fx.layout.card.Scroll":{"alias":["fx.layout.card.scroll"],"alternates":[]},"Ext.fx.layout.card.ScrollCover":{"alias":["fx.layout.card.scrollcover"],"alternates":[]},"Ext.fx.layout.card.ScrollReveal":{"alias":["fx.layout.card.scrollreveal"],"alternates":[]},"Ext.fx.layout.card.Slide":{"alias":["fx.layout.card.slide"],"alternates":[]},"Ext.fx.layout.card.Style":{"alias":[],"alternates":[]},"Ext.fx.runner.Css":{"alias":[],"alternates":[]},"Ext.fx.runner.CssAnimation":{"alias":[],"alternates":[]},"Ext.fx.runner.CssTransition":{"alias":[],"alternates":["Ext.Animator"]},"Ext.fx.target.Component":{"alias":[],"alternates":[]},"Ext.fx.target.CompositeElement":{"alias":[],"alternates":[]},"Ext.fx.target.CompositeElementCSS":{"alias":[],"alternates":[]},"Ext.fx.target.CompositeSprite":{"alias":[],"alternates":[]},"Ext.fx.target.Element":{"alias":[],"alternates":[]},"Ext.fx.target.ElementCSS":{"alias":[],"alternates":[]},"Ext.fx.target.Sprite":{"alias":[],"alternates":[]},"Ext.fx.target.Target":{"alias":[],"alternates":[]},"Ext.grid.CellContext":{"alias":[],"alternates":[]},"Ext.grid.CellEditor":{"alias":[],"alternates":[]},"Ext.grid.ColumnComponentLayout":{"alias":["layout.columncomponent"],"alternates":[]},"Ext.grid.ColumnLayout":{"alias":["layout.gridcolumn"],"alternates":[]},"Ext.grid.ColumnManager":{"alias":[],"alternates":["Ext.grid.ColumnModel"]},"Ext.grid.NavigationModel":{"alias":["view.navigation.grid"],"alternates":[]},"Ext.grid.Panel":{"alias":["widget.grid","widget.gridpanel"],"alternates":["Ext.list.ListView","Ext.ListView","Ext.grid.GridPanel"]},"Ext.grid.RowContext":{"alias":[],"alternates":[]},"Ext.grid.RowEditor":{"alias":["widget.roweditor"],"alternates":[]},"Ext.grid.RowEditorButtons":{"alias":["widget.roweditorbuttons"],"alternates":[]},"Ext.grid.Scroller":{"alias":[],"alternates":[]},"Ext.grid.ViewDropZone":{"alias":[],"alternates":[]},"Ext.grid.column.Action":{"alias":["widget.actioncolumn"],"alternates":["Ext.grid.ActionColumn"]},"Ext.grid.column.ActionProxy":{"alias":[],"alternates":[]},"Ext.grid.column.Boolean":{"alias":["widget.booleancolumn"],"alternates":["Ext.grid.BooleanColumn"]},"Ext.grid.column.Check":{"alias":["widget.checkcolumn"],"alternates":["Ext.ux.CheckColumn","Ext.grid.column.CheckColumn"]},"Ext.grid.column.Column":{"alias":["widget.gridcolumn"],"alternates":["Ext.grid.Column"]},"Ext.grid.column.Date":{"alias":["widget.datecolumn"],"alternates":["Ext.grid.DateColumn"]},"Ext.grid.column.Number":{"alias":["widget.numbercolumn"],"alternates":["Ext.grid.NumberColumn"]},"Ext.grid.column.RowNumberer":{"alias":["widget.rownumberer"],"alternates":["Ext.grid.RowNumberer"]},"Ext.grid.column.Template":{"alias":["widget.templatecolumn"],"alternates":["Ext.grid.TemplateColumn"]},"Ext.grid.column.Widget":{"alias":["widget.widgetcolumn"],"alternates":[]},"Ext.grid.feature.AbstractSummary":{"alias":["feature.abstractsummary"],"alternates":[]},"Ext.grid.feature.Feature":{"alias":["feature.feature"],"alternates":[]},"Ext.grid.feature.GroupStore":{"alias":[],"alternates":[]},"Ext.grid.feature.Grouping":{"alias":["feature.grouping"],"alternates":[]},"Ext.grid.feature.GroupingSummary":{"alias":["feature.groupingsummary"],"alternates":[]},"Ext.grid.feature.RowBody":{"alias":["feature.rowbody"],"alternates":[]},"Ext.grid.feature.Summary":{"alias":["feature.summary"],"alternates":[]},"Ext.grid.filters.Filters":{"alias":["plugin.gridfilters"],"alternates":[]},"Ext.grid.filters.filter.Base":{"alias":[],"alternates":[]},"Ext.grid.filters.filter.Boolean":{"alias":["grid.filter.boolean"],"alternates":[]},"Ext.grid.filters.filter.Date":{"alias":["grid.filter.date"],"alternates":[]},"Ext.grid.filters.filter.List":{"alias":["grid.filter.list"],"alternates":[]},"Ext.grid.filters.filter.Number":{"alias":["grid.filter.number","grid.filter.numeric"],"alternates":[]},"Ext.grid.filters.filter.SingleFilter":{"alias":[],"alternates":[]},"Ext.grid.filters.filter.String":{"alias":["grid.filter.string"],"alternates":[]},"Ext.grid.filters.filter.TriFilter":{"alias":[],"alternates":[]},"Ext.grid.header.Container":{"alias":["widget.headercontainer"],"alternates":[]},"Ext.grid.header.DragZone":{"alias":[],"alternates":[]},"Ext.grid.header.DropZone":{"alias":[],"alternates":[]},"Ext.grid.locking.HeaderContainer":{"alias":[],"alternates":[]},"Ext.grid.locking.Lockable":{"alias":[],"alternates":["Ext.grid.Lockable"]},"Ext.grid.locking.RowSynchronizer":{"alias":[],"alternates":[]},"Ext.grid.locking.View":{"alias":[],"alternates":["Ext.grid.LockingView"]},"Ext.grid.plugin.BufferedRenderer":{"alias":["plugin.bufferedrenderer"],"alternates":[]},"Ext.grid.plugin.CellEditing":{"alias":["plugin.cellediting"],"alternates":[]},"Ext.grid.plugin.Clipboard":{"alias":["plugin.clipboard"],"alternates":[]},"Ext.grid.plugin.DragDrop":{"alias":["plugin.gridviewdragdrop"],"alternates":[]},"Ext.grid.plugin.Editing":{"alias":["editing.editing"],"alternates":[]},"Ext.grid.plugin.HeaderReorderer":{"alias":["plugin.gridheaderreorderer"],"alternates":[]},"Ext.grid.plugin.HeaderResizer":{"alias":["plugin.gridheaderresizer"],"alternates":[]},"Ext.grid.plugin.RowEditing":{"alias":["plugin.rowediting"],"alternates":[]},"Ext.grid.plugin.RowExpander":{"alias":["plugin.rowexpander"],"alternates":[]},"Ext.grid.plugin.RowWidget":{"alias":["plugin.rowwidget"],"alternates":[]},"Ext.grid.property.Grid":{"alias":["widget.propertygrid"],"alternates":["Ext.grid.PropertyGrid"]},"Ext.grid.property.HeaderContainer":{"alias":[],"alternates":["Ext.grid.PropertyColumnModel"]},"Ext.grid.property.Property":{"alias":[],"alternates":["Ext.PropGridProperty"]},"Ext.grid.property.Reader":{"alias":[],"alternates":[]},"Ext.grid.property.Store":{"alias":[],"alternates":["Ext.grid.PropertyStore"]},"Ext.grid.selection.Cells":{"alias":[],"alternates":[]},"Ext.grid.selection.Columns":{"alias":[],"alternates":[]},"Ext.grid.selection.Replicator":{"alias":["plugin.selectionreplicator"],"alternates":[]},"Ext.grid.selection.Rows":{"alias":[],"alternates":[]},"Ext.grid.selection.Selection":{"alias":[],"alternates":[]},"Ext.grid.selection.SelectionExtender":{"alias":[],"alternates":[]},"Ext.grid.selection.SpreadsheetModel":{"alias":["selection.spreadsheet"],"alternates":[]},"Ext.layout.Context":{"alias":[],"alternates":[]},"Ext.layout.ContextItem":{"alias":[],"alternates":[]},"Ext.layout.Layout":{"alias":[],"alternates":[]},"Ext.layout.SizeModel":{"alias":[],"alternates":[]},"Ext.layout.component.Auto":{"alias":["layout.autocomponent"],"alternates":[]},"Ext.layout.component.Body":{"alias":["layout.body"],"alternates":[]},"Ext.layout.component.BoundList":{"alias":["layout.boundlist"],"alternates":[]},"Ext.layout.component.Component":{"alias":[],"alternates":[]},"Ext.layout.component.Dock":{"alias":["layout.dock"],"alternates":["Ext.layout.component.AbstractDock"]},"Ext.layout.component.FieldSet":{"alias":["layout.fieldset"],"alternates":[]},"Ext.layout.component.ProgressBar":{"alias":["layout.progressbar"],"alternates":[]},"Ext.layout.component.field.FieldContainer":{"alias":["layout.fieldcontainer"],"alternates":[]},"Ext.layout.component.field.HtmlEditor":{"alias":["layout.htmleditor"],"alternates":[]},"Ext.layout.container.Absolute":{"alias":["layout.absolute"],"alternates":["Ext.layout.AbsoluteLayout"]},"Ext.layout.container.Accordion":{"alias":["layout.accordion"],"alternates":["Ext.layout.AccordionLayout"]},"Ext.layout.container.Anchor":{"alias":["layout.anchor"],"alternates":["Ext.layout.AnchorLayout"]},"Ext.layout.container.Auto":{"alias":["layout.auto","layout.autocontainer"],"alternates":[]},"Ext.layout.container.Border":{"alias":["layout.border"],"alternates":["Ext.layout.BorderLayout"]},"Ext.layout.container.Box":{"alias":["layout.box"],"alternates":["Ext.layout.BoxLayout"]},"Ext.layout.container.Card":{"alias":["layout.card"],"alternates":["Ext.layout.CardLayout"]},"Ext.layout.container.Center":{"alias":["layout.center","layout.ux.center"],"alternates":["Ext.ux.layout.Center"]},"Ext.layout.container.CheckboxGroup":{"alias":["layout.checkboxgroup"],"alternates":[]},"Ext.layout.container.Column":{"alias":["layout.column"],"alternates":["Ext.layout.ColumnLayout"]},"Ext.layout.container.ColumnSplitter":{"alias":["widget.columnsplitter"],"alternates":[]},"Ext.layout.container.ColumnSplitterTracker":{"alias":[],"alternates":[]},"Ext.layout.container.Container":{"alias":["layout.container"],"alternates":["Ext.layout.ContainerLayout"]},"Ext.layout.container.Dashboard":{"alias":["layout.dashboard"],"alternates":[]},"Ext.layout.container.Editor":{"alias":["layout.editor"],"alternates":[]},"Ext.layout.container.Fit":{"alias":["layout.fit"],"alternates":["Ext.layout.FitLayout"]},"Ext.layout.container.Form":{"alias":["layout.form"],"alternates":["Ext.layout.FormLayout"]},"Ext.layout.container.HBox":{"alias":["layout.hbox"],"alternates":["Ext.layout.HBoxLayout"]},"Ext.layout.container.SegmentedButton":{"alias":["layout.segmentedbutton"],"alternates":[]},"Ext.layout.container.Table":{"alias":["layout.table"],"alternates":["Ext.layout.TableLayout"]},"Ext.layout.container.VBox":{"alias":["layout.vbox"],"alternates":["Ext.layout.VBoxLayout"]},"Ext.layout.container.border.Region":{"alias":[],"alternates":[]},"Ext.layout.container.boxOverflow.Menu":{"alias":["box.overflow.Menu","box.overflow.menu"],"alternates":["Ext.layout.boxOverflow.Menu"]},"Ext.layout.container.boxOverflow.None":{"alias":["box.overflow.None","box.overflow.none"],"alternates":["Ext.layout.boxOverflow.None"]},"Ext.layout.container.boxOverflow.Scroller":{"alias":["box.overflow.Scroller","box.overflow.scroller"],"alternates":["Ext.layout.boxOverflow.Scroller"]},"Ext.list.AbstractTreeItem":{"alias":[],"alternates":[]},"Ext.list.RootTreeItem":{"alias":[],"alternates":[]},"Ext.list.Tree":{"alias":["widget.treelist"],"alternates":[]},"Ext.list.TreeItem":{"alias":["widget.treelistitem"],"alternates":[]},"Ext.locale.es.Component":{"idx":2,"alias":[],"alternates":[]},"Ext.locale.es.data.validator.Presence":{"idx":3,"alias":[],"alternates":[]},"Ext.locale.es.form.CheckboxGroup":{"idx":13,"alias":[],"alternates":[]},"Ext.locale.es.form.RadioGroup":{"idx":14,"alias":[],"alternates":[]},"Ext.locale.es.form.field.Base":{"idx":9,"alias":[],"alternates":[]},"Ext.locale.es.form.field.ComboBox":{"idx":20,"alias":[],"alternates":[]},"Ext.locale.es.form.field.Date":{"idx":24,"alias":[],"alternates":[]},"Ext.locale.es.form.field.File":{"idx":25,"alias":[],"alternates":[]},"Ext.locale.es.form.field.HtmlEditor":{"idx":27,"alias":[],"alternates":[]},"Ext.locale.es.form.field.Number":{"idx":17,"alias":[],"alternates":[]},"Ext.locale.es.form.field.Text":{"idx":11,"alias":[],"alternates":[]},"Ext.locale.es.form.field.Time":{"idx":28,"alias":[],"alternates":[]},"Ext.locale.es.form.field.VTypes":{"idx":10,"alias":[],"alternates":[]},"Ext.locale.es.grid.PropertyColumnModel":{"idx":39,"alias":[],"alternates":[]},"Ext.locale.es.grid.feature.Grouping":{"idx":33,"alias":[],"alternates":[]},"Ext.locale.es.grid.filters.filter.Boolean":{"idx":36,"alias":[],"alternates":[]},"Ext.locale.es.grid.filters.filter.List":{"idx":37,"alias":[],"alternates":[]},"Ext.locale.es.grid.header.Container":{"idx":31,"alias":[],"alternates":[]},"Ext.locale.es.grid.plugin.DragDrop":{"idx":38,"alias":[],"alternates":[]},"Ext.locale.es.picker.Date":{"idx":23,"alias":[],"alternates":[]},"Ext.locale.es.picker.Month":{"idx":22,"alias":[],"alternates":[]},"Ext.locale.es.toolbar.Paging":{"idx":19,"alias":[],"alternates":[]},"Ext.locale.es.view.AbstractView":{"idx":15,"alias":[],"alternates":[]},"Ext.locale.es.view.View":{"idx":16,"alias":[],"alternates":[]},"Ext.locale.es.window.MessageBox":{"idx":12,"alias":[],"alternates":[]},"Ext.menu.Bar":{"alias":["widget.menubar"],"alternates":[]},"Ext.menu.CheckItem":{"alias":["widget.menucheckitem"],"alternates":[]},"Ext.menu.ColorPicker":{"alias":["widget.colormenu"],"alternates":[]},"Ext.menu.DatePicker":{"alias":["widget.datemenu"],"alternates":[]},"Ext.menu.Item":{"alias":["widget.menuitem"],"alternates":["Ext.menu.TextItem"]},"Ext.menu.Manager":{"alias":[],"alternates":["Ext.menu.MenuMgr"]},"Ext.menu.Menu":{"alias":["widget.menu"],"alternates":[]},"Ext.menu.Separator":{"alias":["widget.menuseparator"],"alternates":[]},"Ext.mixin.Accessible":{"alias":[],"alternates":[]},"Ext.mixin.Bindable":{"alias":[],"alternates":[]},"Ext.mixin.ComponentDelegation":{"alias":[],"alternates":[]},"Ext.mixin.ConfigState":{"alias":[],"alternates":[]},"Ext.mixin.Container":{"alias":[],"alternates":[]},"Ext.mixin.Dirty":{"alias":[],"alternates":[]},"Ext.mixin.Factoryable":{"alias":[],"alternates":[]},"Ext.mixin.Hookable":{"alias":[],"alternates":[]},"Ext.mixin.Identifiable":{"alias":[],"alternates":[]},"Ext.mixin.Inheritable":{"alias":[],"alternates":[]},"Ext.mixin.Keyboard":{"alias":[],"alternates":[]},"Ext.mixin.Mashup":{"alias":[],"alternates":[]},"Ext.mixin.Observable":{"alias":[],"alternates":[]},"Ext.mixin.Pluggable":{"alias":[],"alternates":[]},"Ext.mixin.Queryable":{"alias":[],"alternates":[]},"Ext.mixin.Responsive":{"alias":[],"alternates":[]},"Ext.mixin.Selectable":{"alias":[],"alternates":[]},"Ext.mixin.StyleCacher":{"alias":[],"alternates":[]},"Ext.mixin.Templatable":{"alias":[],"alternates":[]},"Ext.mixin.Traversable":{"alias":[],"alternates":[]},"Ext.override.sparkline.Base":{"alias":[],"alternates":[]},"Ext.overrides.GlobalEvents":{"alias":[],"alternates":[]},"Ext.overrides.Progress":{"alias":[],"alternates":[]},"Ext.overrides.Widget":{"alias":[],"alternates":[]},"Ext.overrides.app.Application":{"alias":[],"alternates":[]},"Ext.overrides.app.domain.Component":{"alias":[],"alternates":[]},"Ext.overrides.app.domain.View":{"alias":[],"alternates":[]},"Ext.overrides.dom.Element":{"alias":[],"alternates":[]},"Ext.overrides.dom.Helper":{"alias":[],"alternates":[]},"Ext.overrides.event.Event":{"alias":[],"alternates":[]},"Ext.overrides.event.publisher.Dom":{"alias":[],"alternates":[]},"Ext.overrides.event.publisher.Gesture":{"alias":[],"alternates":[]},"Ext.overrides.list.TreeItem":{"alias":[],"alternates":[]},"Ext.overrides.plugin.Abstract":{"alias":[],"alternates":[]},"Ext.overrides.util.Positionable":{"alias":[],"alternates":[]},"Ext.panel.Bar":{"alias":[],"alternates":[]},"Ext.panel.DD":{"alias":[],"alternates":[]},"Ext.panel.Header":{"alias":["widget.header"],"alternates":[]},"Ext.panel.Panel":{"alias":["widget.panel"],"alternates":["Ext.Panel"]},"Ext.panel.Pinnable":{"alias":[],"alternates":[]},"Ext.panel.Proxy":{"alias":[],"alternates":["Ext.dd.PanelProxy"]},"Ext.panel.Table":{"alias":["widget.tablepanel"],"alternates":[]},"Ext.panel.Title":{"alias":["widget.title"],"alternates":[]},"Ext.panel.Tool":{"alias":["widget.tool"],"alternates":[]},"Ext.parse.Parser":{"alias":[],"alternates":[]},"Ext.parse.Symbol":{"alias":[],"alternates":[]},"Ext.parse.Tokenizer":{"alias":[],"alternates":[]},"Ext.parse.symbol.Constant":{"alias":[],"alternates":[]},"Ext.parse.symbol.Infix":{"alias":[],"alternates":[]},"Ext.parse.symbol.InfixRight":{"alias":[],"alternates":[]},"Ext.parse.symbol.Paren":{"alias":[],"alternates":[]},"Ext.parse.symbol.Prefix":{"alias":[],"alternates":[]},"Ext.perf.Accumulator":{"alias":[],"alternates":[]},"Ext.perf.Monitor":{"alias":[],"alternates":["Ext.Perf"]},"Ext.picker.Color":{"alias":["widget.colorpicker"],"alternates":["Ext.ColorPalette"]},"Ext.picker.Date":{"alias":["widget.datepicker"],"alternates":["Ext.DatePicker"]},"Ext.picker.Month":{"alias":["widget.monthpicker"],"alternates":["Ext.MonthPicker"]},"Ext.picker.Time":{"alias":["widget.timepicker"],"alternates":[]},"Ext.plugin.Abstract":{"alias":[],"alternates":["Ext.AbstractPlugin"]},"Ext.plugin.AbstractClipboard":{"alias":[],"alternates":[]},"Ext.plugin.LazyItems":{"alias":["plugin.lazyitems"],"alternates":[]},"Ext.plugin.Manager":{"alias":[],"alternates":["Ext.PluginManager","Ext.PluginMgr"]},"Ext.plugin.MouseEnter":{"alias":["plugin.mouseenter"],"alternates":[]},"Ext.plugin.Responsive":{"alias":["plugin.responsive"],"alternates":[]},"Ext.plugin.Viewport":{"alias":["plugin.viewport"],"alternates":[]},"Ext.promise.Consequence":{"alias":[],"alternates":[]},"Ext.promise.Deferred":{"alias":[],"alternates":[]},"Ext.promise.Promise":{"alias":[],"alternates":[]},"Ext.resizer.BorderSplitter":{"alias":["widget.bordersplitter"],"alternates":[]},"Ext.resizer.BorderSplitterTracker":{"alias":[],"alternates":[]},"Ext.resizer.Handle":{"alias":[],"alternates":[]},"Ext.resizer.ResizeTracker":{"alias":[],"alternates":[]},"Ext.resizer.Resizer":{"alias":[],"alternates":["Ext.Resizable"]},"Ext.resizer.Splitter":{"alias":["widget.splitter"],"alternates":[]},"Ext.resizer.SplitterTracker":{"alias":[],"alternates":[]},"Ext.rtl.Component":{"alias":[],"alternates":[]},"Ext.rtl.button.Button":{"alias":[],"alternates":[]},"Ext.rtl.button.Segmented":{"alias":[],"alternates":[]},"Ext.rtl.dd.DD":{"alias":[],"alternates":[]},"Ext.rtl.dom.Element":{"alias":[],"alternates":[]},"Ext.rtl.event.Event":{"alias":[],"alternates":[]},"Ext.rtl.form.Labelable":{"alias":[],"alternates":[]},"Ext.rtl.form.field.Tag":{"alias":[],"alternates":[]},"Ext.rtl.grid.CellEditor":{"alias":[],"alternates":[]},"Ext.rtl.grid.ColumnLayout":{"alias":[],"alternates":[]},"Ext.rtl.grid.NavigationModel":{"alias":[],"alternates":[]},"Ext.rtl.grid.column.Column":{"alias":[],"alternates":[]},"Ext.rtl.grid.plugin.BufferedRenderer":{"alias":[],"alternates":[]},"Ext.rtl.grid.plugin.HeaderResizer":{"alias":[],"alternates":[]},"Ext.rtl.grid.plugin.RowEditing":{"alias":[],"alternates":[]},"Ext.rtl.layout.ContextItem":{"alias":[],"alternates":[]},"Ext.rtl.layout.component.Dock":{"alias":[],"alternates":[]},"Ext.rtl.layout.container.Absolute":{"alias":[],"alternates":[]},"Ext.rtl.layout.container.Border":{"alias":[],"alternates":[]},"Ext.rtl.layout.container.Box":{"alias":[],"alternates":[]},"Ext.rtl.layout.container.Column":{"alias":[],"alternates":[]},"Ext.rtl.layout.container.HBox":{"alias":[],"alternates":[]},"Ext.rtl.layout.container.VBox":{"alias":[],"alternates":[]},"Ext.rtl.layout.container.boxOverflow.Menu":{"alias":[],"alternates":[]},"Ext.rtl.layout.container.boxOverflow.Scroller":{"alias":[],"alternates":[]},"Ext.rtl.panel.Bar":{"alias":[],"alternates":[]},"Ext.rtl.panel.Panel":{"alias":[],"alternates":[]},"Ext.rtl.panel.Title":{"alias":[],"alternates":[]},"Ext.rtl.resizer.BorderSplitterTracker":{"alias":[],"alternates":[]},"Ext.rtl.resizer.ResizeTracker":{"alias":[],"alternates":[]},"Ext.rtl.resizer.SplitterTracker":{"alias":[],"alternates":[]},"Ext.rtl.scroll.Scroller":{"alias":[],"alternates":[]},"Ext.rtl.slider.Multi":{"alias":[],"alternates":[]},"Ext.rtl.slider.Widget":{"alias":[],"alternates":[]},"Ext.rtl.tab.Bar":{"alias":[],"alternates":[]},"Ext.rtl.tip.QuickTipManager":{"alias":[],"alternates":[]},"Ext.rtl.tree.Column":{"alias":[],"alternates":[]},"Ext.rtl.util.FocusableContainer":{"alias":[],"alternates":[]},"Ext.rtl.util.Renderable":{"alias":[],"alternates":[]},"Ext.rtl.view.NavigationModel":{"alias":[],"alternates":[]},"Ext.rtl.view.Table":{"alias":[],"alternates":[]},"Ext.scroll.LockingScroller":{"alias":["scroller.locking"],"alternates":[]},"Ext.scroll.Scroller":{"alias":["scroller.scroller"],"alternates":[]},"Ext.scroll.TableScroller":{"alias":["scroller.table"],"alternates":[]},"Ext.selection.CellModel":{"alias":["selection.cellmodel"],"alternates":[]},"Ext.selection.CheckboxModel":{"alias":["selection.checkboxmodel"],"alternates":[]},"Ext.selection.DataViewModel":{"alias":["selection.dataviewmodel"],"alternates":[]},"Ext.selection.Model":{"alias":["selection.abstract"],"alternates":["Ext.AbstractSelectionModel"]},"Ext.selection.RowModel":{"alias":["selection.rowmodel"],"alternates":[]},"Ext.selection.TreeModel":{"alias":["selection.treemodel"],"alternates":[]},"Ext.slider.Multi":{"alias":["widget.multislider"],"alternates":["Ext.slider.MultiSlider"]},"Ext.slider.Single":{"alias":["widget.slider","widget.sliderfield"],"alternates":["Ext.Slider","Ext.form.SliderField","Ext.slider.SingleSlider","Ext.slider.Slider"]},"Ext.slider.Thumb":{"alias":[],"alternates":[]},"Ext.slider.Tip":{"alias":["widget.slidertip"],"alternates":[]},"Ext.slider.Widget":{"alias":["widget.sliderwidget"],"alternates":[]},"Ext.sparkline.Bar":{"alias":["widget.sparklinebar"],"alternates":[]},"Ext.sparkline.BarBase":{"alias":[],"alternates":[]},"Ext.sparkline.Base":{"alias":["widget.sparkline"],"alternates":[]},"Ext.sparkline.Box":{"alias":["widget.sparklinebox"],"alternates":[]},"Ext.sparkline.Bullet":{"alias":["widget.sparklinebullet"],"alternates":[]},"Ext.sparkline.CanvasBase":{"alias":[],"alternates":[]},"Ext.sparkline.CanvasCanvas":{"alias":[],"alternates":[]},"Ext.sparkline.Discrete":{"alias":["widget.sparklinediscrete"],"alternates":[]},"Ext.sparkline.Line":{"alias":["widget.sparklineline"],"alternates":[]},"Ext.sparkline.Pie":{"alias":["widget.sparklinepie"],"alternates":[]},"Ext.sparkline.RangeMap":{"alias":[],"alternates":[]},"Ext.sparkline.Shape":{"alias":[],"alternates":[]},"Ext.sparkline.TriState":{"alias":["widget.sparklinetristate"],"alternates":[]},"Ext.sparkline.VmlCanvas":{"alias":[],"alternates":[]},"Ext.state.CookieProvider":{"alias":[],"alternates":[]},"Ext.state.LocalStorageProvider":{"alias":["state.localstorage"],"alternates":[]},"Ext.state.Manager":{"alias":[],"alternates":[]},"Ext.state.Provider":{"alias":[],"alternates":[]},"Ext.state.Stateful":{"alias":[],"alternates":[]},"Ext.tab.Bar":{"alias":["widget.tabbar"],"alternates":[]},"Ext.tab.Panel":{"alias":["widget.tabpanel"],"alternates":["Ext.TabPanel"]},"Ext.tab.Tab":{"alias":["widget.tab"],"alternates":[]},"Ext.theme.neptune.Component":{"idx":1,"alias":[],"alternates":[]},"Ext.theme.neptune.container.ButtonGroup":{"idx":8,"alias":[],"alternates":[]},"Ext.theme.neptune.form.field.HtmlEditor":{"idx":26,"alias":[],"alternates":[]},"Ext.theme.neptune.grid.RowEditor":{"idx":30,"alias":[],"alternates":[]},"Ext.theme.neptune.grid.column.RowNumberer":{"idx":32,"alias":[],"alternates":[]},"Ext.theme.neptune.layout.component.Dock":{"idx":6,"alias":[],"alternates":[]},"Ext.theme.neptune.menu.Menu":{"idx":35,"alias":[],"alternates":[]},"Ext.theme.neptune.menu.Separator":{"idx":34,"alias":[],"alternates":[]},"Ext.theme.neptune.panel.Panel":{"idx":7,"alias":[],"alternates":[]},"Ext.theme.neptune.panel.Table":{"idx":29,"alias":[],"alternates":[]},"Ext.theme.neptune.picker.Month":{"idx":21,"alias":[],"alternates":[]},"Ext.theme.neptune.resizer.Splitter":{"idx":4,"alias":[],"alternates":[]},"Ext.theme.neptune.toolbar.Paging":{"idx":18,"alias":[],"alternates":[]},"Ext.theme.neptune.toolbar.Toolbar":{"idx":5,"alias":[],"alternates":[]},"Ext.tip.QuickTip":{"alias":["widget.quicktip"],"alternates":["Ext.QuickTip"]},"Ext.tip.QuickTipManager":{"alias":[],"alternates":["Ext.QuickTips"]},"Ext.tip.Tip":{"alias":["widget.tip"],"alternates":["Ext.Tip"]},"Ext.tip.ToolTip":{"alias":["widget.tooltip"],"alternates":["Ext.ToolTip"]},"Ext.toolbar.Breadcrumb":{"alias":["widget.breadcrumb"],"alternates":[]},"Ext.toolbar.Fill":{"alias":["widget.tbfill"],"alternates":["Ext.Toolbar.Fill"]},"Ext.toolbar.Item":{"alias":["widget.tbitem"],"alternates":["Ext.Toolbar.Item"]},"Ext.toolbar.Paging":{"alias":["widget.pagingtoolbar"],"alternates":["Ext.PagingToolbar"]},"Ext.toolbar.Separator":{"alias":["widget.tbseparator"],"alternates":["Ext.Toolbar.Separator"]},"Ext.toolbar.Spacer":{"alias":["widget.tbspacer"],"alternates":["Ext.Toolbar.Spacer"]},"Ext.toolbar.TextItem":{"alias":["widget.tbtext"],"alternates":["Ext.Toolbar.TextItem"]},"Ext.toolbar.Toolbar":{"alias":["widget.toolbar"],"alternates":["Ext.Toolbar"]},"Ext.tree.Column":{"alias":["widget.treecolumn"],"alternates":[]},"Ext.tree.NavigationModel":{"alias":["view.navigation.tree"],"alternates":[]},"Ext.tree.Panel":{"alias":["widget.treepanel"],"alternates":["Ext.tree.TreePanel","Ext.TreePanel"]},"Ext.tree.View":{"alias":["widget.treeview"],"alternates":[]},"Ext.tree.ViewDragZone":{"alias":[],"alternates":[]},"Ext.tree.ViewDropZone":{"alias":[],"alternates":[]},"Ext.tree.plugin.TreeViewDragDrop":{"alias":["plugin.treeviewdragdrop"],"alternates":[]},"Ext.util.AbstractMixedCollection":{"alias":[],"alternates":[]},"Ext.util.Animate":{"alias":[],"alternates":[]},"Ext.util.Bag":{"alias":[],"alternates":[]},"Ext.util.Base64":{"alias":[],"alternates":[]},"Ext.util.CSS":{"alias":[],"alternates":[]},"Ext.util.CSV":{"alias":[],"alternates":[]},"Ext.util.ClickRepeater":{"alias":[],"alternates":[]},"Ext.util.Collection":{"alias":[],"alternates":[]},"Ext.util.CollectionKey":{"alias":[],"alternates":[]},"Ext.util.Color":{"alias":[],"alternates":["Ext.draw.Color"]},"Ext.util.ComponentDragger":{"alias":[],"alternates":[]},"Ext.util.Cookies":{"alias":[],"alternates":[]},"Ext.util.DelimitedValue":{"alias":[],"alternates":[]},"Ext.util.ElementContainer":{"alias":[],"alternates":[]},"Ext.util.Event":{"alias":[],"alternates":[]},"Ext.util.Filter":{"alias":[],"alternates":[]},"Ext.util.FilterCollection":{"alias":[],"alternates":[]},"Ext.util.Floating":{"alias":[],"alternates":[]},"Ext.util.Fly":{"alias":[],"alternates":[]},"Ext.util.Focusable":{"alias":[],"alternates":[]},"Ext.util.FocusableContainer":{"alias":[],"alternates":[]},"Ext.util.Format":{"alias":[],"alternates":[]},"Ext.util.Group":{"alias":[],"alternates":[]},"Ext.util.GroupCollection":{"alias":[],"alternates":[]},"Ext.util.Grouper":{"alias":[],"alternates":[]},"Ext.util.HashMap":{"alias":[],"alternates":[]},"Ext.util.History":{"alias":[],"alternates":["Ext.History"]},"Ext.util.Inflector":{"alias":[],"alternates":[]},"Ext.util.ItemCollection":{"alias":[],"alternates":["Ext.ItemCollection"]},"Ext.util.KeyMap":{"alias":[],"alternates":["Ext.KeyMap"]},"Ext.util.KeyNav":{"alias":[],"alternates":["Ext.KeyNav"]},"Ext.util.LocalStorage":{"alias":[],"alternates":[]},"Ext.util.LruCache":{"alias":[],"alternates":[]},"Ext.util.Memento":{"alias":[],"alternates":[]},"Ext.util.MixedCollection":{"alias":[],"alternates":[]},"Ext.util.ObjectTemplate":{"alias":[],"alternates":[]},"Ext.util.Observable":{"alias":[],"alternates":[]},"Ext.util.Offset":{"alias":[],"alternates":[]},"Ext.util.PaintMonitor":{"alias":[],"alternates":[]},"Ext.util.Point":{"alias":[],"alternates":[]},"Ext.util.Positionable":{"alias":[],"alternates":[]},"Ext.util.ProtoElement":{"alias":[],"alternates":[]},"Ext.util.Queue":{"alias":[],"alternates":[]},"Ext.util.Region":{"alias":[],"alternates":[]},"Ext.util.Renderable":{"alias":[],"alternates":[]},"Ext.util.Schedulable":{"alias":[],"alternates":[]},"Ext.util.Scheduler":{"alias":[],"alternates":[]},"Ext.util.SizeMonitor":{"alias":[],"alternates":[]},"Ext.util.Sortable":{"alias":[],"alternates":[]},"Ext.util.Sorter":{"alias":[],"alternates":[]},"Ext.util.SorterCollection":{"alias":[],"alternates":[]},"Ext.util.StoreHolder":{"alias":[],"alternates":[]},"Ext.util.TSV":{"alias":[],"alternates":[]},"Ext.util.TaskManager":{"alias":[],"alternates":["Ext.TaskManager"]},"Ext.util.TaskRunner":{"alias":[],"alternates":[]},"Ext.util.TextMetrics":{"alias":[],"alternates":[]},"Ext.util.Translatable":{"alias":[],"alternates":[]},"Ext.util.XTemplateCompiler":{"alias":[],"alternates":[]},"Ext.util.XTemplateParser":{"alias":[],"alternates":[]},"Ext.util.paintmonitor.Abstract":{"alias":[],"alternates":[]},"Ext.util.paintmonitor.CssAnimation":{"alias":[],"alternates":[]},"Ext.util.paintmonitor.OverflowChange":{"alias":[],"alternates":[]},"Ext.util.sizemonitor.Abstract":{"alias":[],"alternates":[]},"Ext.util.sizemonitor.OverflowChange":{"alias":[],"alternates":[]},"Ext.util.sizemonitor.Scroll":{"alias":[],"alternates":[]},"Ext.util.translatable.Abstract":{"alias":[],"alternates":[]},"Ext.util.translatable.CssPosition":{"alias":[],"alternates":[]},"Ext.util.translatable.CssTransform":{"alias":[],"alternates":[]},"Ext.util.translatable.Dom":{"alias":[],"alternates":[]},"Ext.util.translatable.ScrollParent":{"alias":[],"alternates":[]},"Ext.util.translatable.ScrollPosition":{"alias":[],"alternates":[]},"Ext.view.AbstractView":{"alias":[],"alternates":[]},"Ext.view.BoundList":{"alias":["widget.boundlist"],"alternates":["Ext.BoundList"]},"Ext.view.BoundListKeyNav":{"alias":["view.navigation.boundlist"],"alternates":[]},"Ext.view.DragZone":{"alias":[],"alternates":[]},"Ext.view.DropZone":{"alias":[],"alternates":[]},"Ext.view.MultiSelector":{"alias":["widget.multiselector"],"alternates":[]},"Ext.view.MultiSelectorSearch":{"alias":["widget.multiselector-search"],"alternates":[]},"Ext.view.NavigationModel":{"alias":["view.navigation.default"],"alternates":[]},"Ext.view.NodeCache":{"alias":[],"alternates":[]},"Ext.view.Table":{"alias":["widget.gridview","widget.tableview"],"alternates":["Ext.grid.View"]},"Ext.view.TableLayout":{"alias":["layout.tableview"],"alternates":[]},"Ext.view.TagKeyNav":{"alias":["view.navigation.tagfield"],"alternates":[]},"Ext.view.View":{"alias":["widget.dataview"],"alternates":["Ext.DataView"]},"Ext.window.MessageBox":{"alias":["widget.messagebox"],"alternates":[]},"Ext.window.Toast":{"alias":["widget.toast"],"alternates":[]},"Ext.window.Window":{"alias":["widget.window"],"alternates":["Ext.Window"]},"LookupApp.common.ConceptStore":{"idx":49,"alias":[],"alternates":[]},"LookupApp.common.ConceptStore_CAN":{"idx":49,"alias":[],"alternates":[]},"LookupApp.common.ConceptStore_MEX":{"idx":49,"alias":[],"alternates":[]},"LookupApp.common.DaysCombo":{"idx":49,"alias":[],"alternates":[]},"LookupApp.common.GroupType_en":{"idx":49,"alias":[],"alternates":[]},"LookupApp.common.GroupType_es":{"idx":49,"alias":[],"alternates":[]},"LookupApp.common.ItemStatusStore_en":{"idx":49,"alias":[],"alternates":[]},"LookupApp.common.ItemStatusStore_es":{"idx":49,"alias":[],"alternates":[]},"LookupApp.common.LookupStores":{"idx":49,"alias":[],"alternates":[]},"LookupApp.common.PrimStatusStore":{"idx":49,"alias":[],"alternates":[]},"LookupApp.common.PrimStatusStore_en":{"idx":49,"alias":[],"alternates":[]},"LookupApp.common.PrimStatusStore_es":{"idx":49,"alias":[],"alternates":[]},"LookupApp.common.StoreCountry":{"idx":49,"alias":[],"alternates":[]},"LookupApp.common.StoreCountry_All":{"idx":49,"alias":[],"alternates":[]},"LookupApp.common.StoreCountry_CAN":{"idx":49,"alias":[],"alternates":[]},"LookupApp.common.StoreCountry_MEX":{"idx":49,"alias":[],"alternates":[]},"LookupApp.common.StoreCountry_USA":{"idx":49,"alias":[],"alternates":[]},"LookupApp.common.StoreDMElastic":{"idx":49,"alias":[],"alternates":[]},"LookupApp.common.StoreRegTypes":{"idx":49,"alias":[],"alternates":[]},"LookupApp.common.StoreRegionElastic":{"idx":49,"alias":[],"alternates":[]},"LookupApp.common.TruckStatusCombo_en":{"idx":49,"alias":[],"alternates":[]},"LookupApp.common.TruckStatusCombo_es":{"idx":49,"alias":[],"alternates":[]},"LookupApp.common.TruckTypeCombo_en":{"idx":49,"alias":[],"alternates":[]},"LookupApp.common.TruckTypeCombo_es":{"idx":49,"alias":[],"alternates":[]},"LookupApp.view.Lookup.ClassLookupWindow":{"idx":45,"alias":["widget.classlookup"],"alternates":[]},"LookupApp.view.Lookup.ConsultantLookupWindow":{"idx":83,"alias":["widget.consultantlookup"],"alternates":[]},"LookupApp.view.Lookup.DepartmentLookupWindow":{"idx":50,"alias":["widget.departmentlookup"],"alternates":[]},"LookupApp.view.Lookup.DistrictLookupWindow":{"idx":77,"alias":["widget.districtlookup"],"alternates":[]},"LookupApp.view.Lookup.GroupLookupWindow":{"idx":65,"alias":["widget.grouplookup"],"alternates":[]},"LookupApp.view.Lookup.ItemLookupWindow":{"idx":58,"alias":["widget.itemlookup"],"alternates":[]},"LookupApp.view.Lookup.MaLookupWindow":{"idx":75,"alias":["widget.malookup"],"alternates":[]},"LookupApp.view.Lookup.MerchCategoryLookupWindow":{"idx":81,"alias":["widget.merchcatlookup"],"alternates":[]},"LookupApp.view.Lookup.PromoLookupWindow":{"idx":73,"alias":["widget.promolookup"],"alternates":[]},"LookupApp.view.Lookup.RegionLookupWindow":{"idx":79,"alias":["widget.jdaregionlookup"],"alternates":[]},"LookupApp.view.Lookup.RegistryLookupWindow":{"idx":71,"alias":["widget.registrylookup"],"alternates":[]},"LookupApp.view.Lookup.SchoolLookupWindow":{"idx":69,"alias":["widget.schoollookup"],"alternates":[]},"LookupApp.view.Lookup.ShowLookupWindow":{"idx":52,"alias":["widget.showlookup"],"alternates":[]},"LookupApp.view.Lookup.SpecialOrderItemLookupWindow":{"idx":60,"alias":["widget.specialorderitemlookup"],"alternates":[]},"LookupApp.view.Lookup.StoreLookupWindow":{"idx":63,"alias":["widget.storelookup"],"alternates":[]},"LookupApp.view.Lookup.SubDepartmentLookupWindow":{"idx":56,"alias":["widget.subdepartmentlookup"],"alternates":[]},"LookupApp.view.Lookup.TruckLookupWindow":{"idx":67,"alias":["widget.trucklookup"],"alternates":[]},"LookupApp.view.Lookup.VendorLookupWindow":{"idx":54,"alias":["widget.vendorlookup"],"alternates":[]},"LookupApp.view.Lookup.classlookupSearchObject":{"idx":61,"alias":[],"alternates":[]},"LookupApp.view.Lookup.consultantlookupSearchObject":{"idx":47,"alias":[],"alternates":[]},"LookupApp.view.Lookup.departmentlookupSearchObject":{"idx":48,"alias":[],"alternates":[]},"LookupApp.view.Lookup.districtlookupSearchObject":{"idx":76,"alias":[],"alternates":[]},"LookupApp.view.Lookup.grouplookupSearchObject":{"idx":64,"alias":[],"alternates":[]},"LookupApp.view.Lookup.itemlookupSearchObject":{"idx":57,"alias":[],"alternates":[]},"LookupApp.view.Lookup.jdaregionlookupSearchObject":{"idx":78,"alias":[],"alternates":[]},"LookupApp.view.Lookup.malookupSearchObject":{"idx":74,"alias":[],"alternates":[]},"LookupApp.view.Lookup.merchcatlookupSearchObject":{"idx":80,"alias":[],"alternates":[]},"LookupApp.view.Lookup.promolookupSearchObject":{"idx":72,"alias":[],"alternates":[]},"LookupApp.view.Lookup.registrylookupSearchObject":{"idx":70,"alias":[],"alternates":[]},"LookupApp.view.Lookup.schoollookupSearchObject":{"idx":68,"alias":[],"alternates":[]},"LookupApp.view.Lookup.showlookupSearchObject":{"idx":51,"alias":[],"alternates":[]},"LookupApp.view.Lookup.specialorderitemlookupSearchObject":{"idx":59,"alias":[],"alternates":[]},"LookupApp.view.Lookup.storelookupSearchObject":{"idx":62,"alias":[],"alternates":[]},"LookupApp.view.Lookup.subdepartmentlookupSearchObject":{"idx":55,"alias":[],"alternates":[]},"LookupApp.view.Lookup.trucklookupSearchObject":{"idx":66,"alias":[],"alternates":[]},"LookupApp.view.Lookup.vendorlookupSearchObject":{"idx":53,"alias":[],"alternates":[]},"LookupApp.view.LookupController":{"idx":42,"alias":["controller.lookupcontroller"],"alternates":[]},"LookupApp.view.base.LookupWindow":{"idx":43,"alias":["widget.lookupwindow"],"alternates":[]},"LookupApp.view.base.SearchForm":{"idx":84,"alias":[],"alternates":[]},"LookupApp.view.base.baselookupSearchObject":{"idx":46,"alias":[],"alternates":[]},"LookupApp.view.base.lookup":{"idx":82,"alias":["widget.lookup"],"alternates":[]},"SSM.Application":{"idx":85,"alias":[],"alternates":[]},"SSM.model.InstantSavingsMaintModel":{"idx":86,"alias":[],"alternates":[]},"SSM.model.SaveSearch":{"idx":87,"alias":[],"alternates":[]},"SSM.model.WeeklySalesModel":{"idx":88,"alias":[],"alternates":[]},"SSM.model.lookup.Sku":{"idx":89,"alias":[],"alternates":[]},"SSM.model.lookup.Vendor":{"idx":90,"alias":[],"alternates":[]},"SSM.store.InstantSavingsMaintStore":{"idx":91,"alias":["store.instantsavingsmaintstore"],"alternates":[]},"SSM.store.Personnel":{"idx":92,"alias":["store.personnel"],"alternates":[]},"SSM.store.SaveSearch":{"idx":93,"alias":["store.savesearch"],"alternates":[]},"SSM.store.SaveSearchStore":{"idx":94,"alias":["store.savesearchstore"],"alternates":[]},"SSM.store.WeeklySalesStore":{"idx":95,"alias":["store.weeklysalesstore"],"alternates":[]},"SSM.store.combo.RankByWeek":{"idx":96,"alias":["store.rankbyweek"],"alternates":[]},"SSM.store.combo.SKUStatus":{"idx":97,"alias":["store.skustatus"],"alternates":[]},"SSM.store.lookup.Sku":{"idx":98,"alias":["store.lookupsku"],"alternates":[]},"SSM.store.lookup.Vendor":{"idx":99,"alias":["store.lookupvendor"],"alternates":[]},"SSM.store.lookup.WeeklySalesGroup":{"idx":100,"alias":["store.weeklysalesgroup"],"alternates":[]},"SSM.view.AboutWindow":{"idx":101,"alias":["widget.aboutWindow"],"alternates":[]},"SSM.view.SkuInquiry":{"idx":127,"alias":["widget.skuInquiry"],"alternates":[]},"SSM.view.SkuInquiryController":{"idx":126,"alias":["controller.myviewport"],"alternates":[]},"SSM.view.SkuInquiryViewModel":{"idx":125,"alias":["viewmodel.skuInquiryModel"],"alternates":[]},"SSM.view.app2.App2":{"idx":115,"alias":["widget.app2"],"alternates":[]},"SSM.view.app2.App2Controller":{"idx":114,"alias":["controller.app2Controller"],"alternates":[]},"SSM.view.app2.App2Search":{"idx":113,"alias":["widget.app2Search"],"alternates":[]},"SSM.view.instantsavingsmaint.InstantSavingsMaint":{"idx":112,"alias":["widget.instantsavingsmaint"],"alternates":[]},"SSM.view.instantsavingsmaint.InstantSavingsMaintController":{"idx":106,"alias":["controller.instantSavingsMaintController"],"alternates":[]},"SSM.view.instantsavingsmaint.InstantSavingsMaintGrid":{"idx":109,"alias":["widget.instantSavingsMaintGrid"],"alternates":[]},"SSM.view.instantsavingsmaint.InstantSavingsMaintSearch":{"idx":108,"alias":["widget.instantsavingsmaintsearch"],"alternates":[]},"SSM.view.instantsavingsmaint.InstantSavingsMaintViewModel":{"idx":110,"alias":["viewmodel.instantSavingsMaintViewModel"],"alternates":[]},"SSM.view.instantsavingsmaint.IsmModel":{"idx":111,"alias":["viewmodel.ismmodel"],"alternates":[]},"SSM.view.instantsavingsmaint.SavedSearchGrid":{"idx":107,"alias":["widget.savedsearchgrid"],"alternates":[]},"SSM.view.main.CountryChangeController":{"idx":122,"alias":["controller.countrychangecontroller"],"alternates":[]},"SSM.view.main.CountryChangeWindow":{"idx":123,"alias":["widget.countrychangewindow"],"alternates":[]},"SSM.view.main.Error":{"idx":105,"alias":["widget.errorPanel"],"alternates":[]},"SSM.view.main.Main":{"idx":124,"alias":["widget.mainPanel"],"alternates":[]},"SSM.view.main.MainController":{"idx":103,"alias":["controller.mainController"],"alternates":[]},"SSM.view.main.MainViewModel":{"idx":102,"alias":["viewmodel.mainViewModel"],"alternates":[]},"SSM.view.main.ThemingHelper":{"idx":104,"alias":["widget.themingHelper"],"alternates":[]},"SSM.view.storecostretail.StoreCostRetail":{"idx":121,"alias":["widget.storeCostRetail"],"alternates":[]},"SSM.view.storecostretail.StoreCostRetailController":{"idx":116,"alias":["controller.storeCostRetailController"],"alternates":[]},"SSM.view.storecostretail.StoreCostRetailDetails":{"idx":118,"alias":["widget.StoreCostRetailDetails"],"alternates":[]},"SSM.view.storecostretail.StoreCostRetailGrid":{"idx":117,"alias":["widget.storeCostRetailGrid"],"alternates":[]},"SSM.view.storecostretail.StoreCostRetailModel":{"idx":119,"alias":["viewmodel.storeCostRetailModel"],"alternates":[]},"SSM.view.storecostretail.StoreCostRetailSearch":{"idx":120,"alias":["widget.storeCostRetailSearch"],"alternates":[]}},"packages":{"classic":{"build":{"dir":"${package.output}"},"creator":"Sencha","namespace":"Ext","type":"toolkit","version":"6.2.0.981"},"cmd":{"current":"6.2.1.29","version":"6.2.0.103"},"core":{"alternateName":["sencha-core"],"creator":"Sencha","type":"code","version":"6.2.0.981"},"ext":{"build":{"dir":"${package.output.base}"},"creator":"Sencha","license":"gpl","namespace":"Ext","resource":{"paths":["resources"]},"type":"framework","version":"6.2.0.981"},"font-awesome":{"creator":"Sencha","namespace":"Ext","resource":{"paths":""},"theme":"theme-neptune","toolkit":"classic","type":"code","version":"6.2.0.981"},"font-ext":{"creator":"Sencha","namespace":"Ext","theme":"theme-neptune","toolkit":"classic","type":"code","version":"6.2.0.981"},"locale":{"alternateName":["ext-locale"],"build":{"dir":"${package.output}"},"creator":"anonymous","namespace":"Ext","toolkit":"classic","type":"code","version":"6.2.0.981"},"lookupapp3":{"creator":"Omnichannel","namespace":"lookupapp3","theme":"theme-omnichannel","toolkit":"classic","type":"code","version":"1.0.0"},"theme-base":{"alternateName":["ext-theme-base"],"creator":"Sencha","namespace":"Ext","toolkit":"classic","type":"theme","version":"6.2.0.981"},"theme-neptune":{"alternateName":["ext-theme-neptune"],"creator":"Sencha","extend":"theme-neutral","namespace":"Ext","toolkit":"classic","type":"theme","version":"6.2.0.981"},"theme-neutral":{"alternateName":["ext-theme-neutral"],"creator":"Sencha","extend":"theme-base","namespace":"Ext","toolkit":"classic","type":"theme","version":"6.2.0.981"},"theme-omnichannel":{"creator":"Omnichannel","extend":"theme-neptune","namespace":"Ext","toolkit":"classic","type":"theme","version":"1.0.0"}},"js":[{"isSdk":true,"path":"ext/build/ext-all-rtl-debug.js"},{"bootstrap":true,"path":"ext/classic/theme-neptune/overrides/Component.js"},{"bootstrap":true,"path":"ext/classic/theme-neptune/overrides/container/ButtonGroup.js"},{"bootstrap":true,"path":"ext/classic/theme-neptune/overrides/form/field/HtmlEditor.js"},{"bootstrap":true,"path":"ext/classic/theme-neptune/overrides/grid/RowEditor.js"},{"bootstrap":true,"path":"ext/classic/theme-neptune/overrides/grid/column/RowNumberer.js"},{"bootstrap":true,"path":"ext/classic/theme-neptune/overrides/layout/component/Dock.js"},{"bootstrap":true,"path":"ext/classic/theme-neptune/overrides/menu/Menu.js"},{"bootstrap":true,"path":"ext/classic/theme-neptune/overrides/menu/Separator.js"},{"bootstrap":true,"path":"ext/classic/theme-neptune/overrides/panel/Panel.js"},{"bootstrap":true,"path":"ext/classic/theme-neptune/overrides/panel/Table.js"},{"bootstrap":true,"path":"ext/classic/theme-neptune/overrides/picker/Month.js"},{"bootstrap":true,"path":"ext/classic/theme-neptune/overrides/resizer/Splitter.js"},{"bootstrap":true,"path":"ext/classic/theme-neptune/overrides/toolbar/Paging.js"},{"bootstrap":true,"path":"ext/classic/theme-neptune/overrides/toolbar/Toolbar.js"},{"bootstrap":true,"path":"packages/remote/theme-omnichannel/overrides/init.js"},{"bootstrap":true,"path":"ext/classic/locale/overrides/es/Component.js"},{"bootstrap":true,"path":"ext/classic/locale/overrides/es/data/validator/Presence.js"},{"bootstrap":true,"path":"ext/classic/locale/overrides/es/ext-locale-es.js"},{"bootstrap":true,"path":"ext/classic/locale/overrides/es/form/CheckboxGroup.js"},{"bootstrap":true,"path":"ext/classic/locale/overrides/es/form/RadioGroup.js"},{"bootstrap":true,"path":"ext/classic/locale/overrides/es/form/field/Base.js"},{"bootstrap":true,"path":"ext/classic/locale/overrides/es/form/field/ComboBox.js"},{"bootstrap":true,"path":"ext/classic/locale/overrides/es/form/field/Date.js"},{"bootstrap":true,"path":"ext/classic/locale/overrides/es/form/field/File.js"},{"bootstrap":true,"path":"ext/classic/locale/overrides/es/form/field/HtmlEditor.js"},{"bootstrap":true,"path":"ext/classic/locale/overrides/es/form/field/Number.js"},{"bootstrap":true,"path":"ext/classic/locale/overrides/es/form/field/Text.js"},{"bootstrap":true,"path":"ext/classic/locale/overrides/es/form/field/Time.js"},{"bootstrap":true,"path":"ext/classic/locale/overrides/es/form/field/VTypes.js"},{"bootstrap":true,"path":"ext/classic/locale/overrides/es/grid/PropertyColumnModel.js"},{"bootstrap":true,"path":"ext/classic/locale/overrides/es/grid/feature/Grouping.js"},{"bootstrap":true,"path":"ext/classic/locale/overrides/es/grid/filters/filter/Boolean.js"},{"bootstrap":true,"path":"ext/classic/locale/overrides/es/grid/filters/filter/List.js"},{"bootstrap":true,"path":"ext/classic/locale/overrides/es/grid/header/Container.js"},{"bootstrap":true,"path":"ext/classic/locale/overrides/es/grid/plugin/DragDrop.js"},{"bootstrap":true,"path":"ext/classic/locale/overrides/es/picker/Date.js"},{"bootstrap":true,"path":"ext/classic/locale/overrides/es/picker/Month.js"},{"bootstrap":true,"path":"ext/classic/locale/overrides/es/toolbar/Paging.js"},{"bootstrap":true,"path":"ext/classic/locale/overrides/es/view/AbstractView.js"},{"bootstrap":true,"path":"ext/classic/locale/overrides/es/view/View.js"},{"bootstrap":true,"path":"ext/classic/locale/overrides/es/window/MessageBox.js"},{"path":"packages/remote/lookupapp3/resources/locale/lookup-i18n.js"},{"path":"packages/remote/lookupapp3/resources/locale/lookup-app-lang-en.js"},{"path":"packages/remote/lookupapp3/resources/locale/lookup-app-lang-es.js"},{"path":"packages/remote/lookupapp3/resources/utils/LookupUtils.js"},{"bootstrap":true,"remote":true,"platform":["fashion"],"isSdk":false,"path":"/~cmd/extensions/sencha-fashion/fashion/fashion.js"},{"bootstrap":true,"remote":true,"platform":["fashion"],"isSdk":false,"path":"/~cmd/extensions/sencha-fashion/sass-compiler.js"},{"path":"app.js"}],"css":[{"remote":false,"exclude":["fashion"],"path":"build/development/SSM/classic-es/resources/SSM-all_1.css"},{"remote":false,"exclude":["fashion"],"path":"build/development/SSM/classic-es/resources/SSM-all_2.css"}],"cache":{"enable":false,"deltas":"classic-es/deltas"},"fashion":{"inliner":{"enable":false}},"name":"SSM","version":"1.0.0.0","framework":"ext","loader":{"cache":false,"cacheParam":"_dc"},"id":"639293a4-f525-438e-9e98-fbcef92e84b5","watch":{"delay":250},"toolkit":"classic","theme":"theme-omnichannel","profile":"classic-es","hash":"a1990ba5f00520ad985610b7c25afbb6a5161209","resources":{"path":"build/development/SSM/classic-es/resources","shared":"build/development/SSM/resources"}}