[{"searchName":"aa last orderable sku","savedSearchStr":"{\"vendorno\":\"\",\"vendorPartNo\":null,\"merchAnalyzer\":null,\"skus\":\"30402799,14365928,30655164,30307513,15801746\",\"skuDesc\":null,\"upcs\":\"\",\"filters\":\"\",\"depts\":\"\",\"skutype\":\"o\",\"retailFrom\":null,\"retailTo\":null,\"adCode\":[],\"markdown\":false,\"contrFrom\":null,\"contrTo\":null,\"seasonalCode\":[],\"strWosFrom\":null,\"strWosTo\":null,\"dcDays\":\"\",\"compareSalesCombo\":\"W\",\"displayfield-1085-inputEl\":\"Store <span style='color:red'>*</span>\",\"displayfield-1086-inputEl\":\"Sales <span style='color:red'>*</span>\",\"displayfield-1087-inputEl\":\"Weeks <span style='color:red'>*</span>\",\"store1\":\"7002\",\"salesCombo1\":\"TYL\",\"weeksCombo1\":4,\"store2\":\"7002\",\"salesCombo2\":\"LYN\",\"weeksCombo2\":4,\"rankBy\":\"\",\"loadSavedSearchName\":\"\",\"lastloadedPlanningFilterJson\":\"\",\"skuDescMode\":\"S\",\"venPartNoMode\":\"C\",\"store1StartWeek\":\"80\",\"store1EndWeek\":\"83\",\"store2StartWeek\":\"31\",\"store2EndWeek\":\"34\",\"savedSearchName\":\"\",\"savedPlanningFilterName\":\"\",\"displayfield-1227-inputEl\":\"Store <span style='color:red'>*</span>\",\"displayfield-1228-inputEl\":\"Sales <span style='color:red'>*</span>\",\"displayfield-1229-inputEl\":\"Weeks <span style='color:red'>*</span>\",\"orderingStore\":\"7002\"}"},{"searchName":"xyz","savedSearchStr":"{\"vendorno\":\"\",\"vendorPartNo\":null,\"merchAnalyzer\":null,\"skus\":\"30317352\",\"skuDesc\":null,\"upcs\":\"\",\"filters\":\"\",\"depts\":\"\",\"skutype\":\"o\",\"retailFrom\":null,\"retailTo\":null,\"adCode\":[],\"markdown\":false,\"contrFrom\":null,\"contrTo\":null,\"seasonalCode\":[],\"strWosFrom\":null,\"strWosTo\":null,\"dcDays\":\"\",\"compareSalesCombo\":\"W\",\"displayfield-1085-inputEl\":\"Store <span style='color:red'>*</span>\",\"displayfield-1086-inputEl\":\"Sales <span style='color:red'>*</span>\",\"displayfield-1087-inputEl\":\"Weeks <span style='color:red'>*</span>\",\"store1\":\"7002\",\"salesCombo1\":\"TYL\",\"weeksCombo1\":4,\"store2\":\"7002\",\"salesCombo2\":\"LYN\",\"weeksCombo2\":4,\"rankBy\":\"\",\"loadSavedSearchName\":\"\",\"lastloadedPlanningFilterJson\":\"\",\"skuDescMode\":\"S\",\"venPartNoMode\":\"C\",\"store1StartWeek\":\"79\",\"store1EndWeek\":\"82\",\"store2StartWeek\":\"30\",\"store2EndWeek\":\"33\",\"savedSearchName\":\"\",\"savedPlanningFilterName\":\"\",\"displayfield-4645-inputEl\":\"Store <span style='color:red'>*</span>\",\"displayfield-4646-inputEl\":\"Sales <span style='color:red'>*</span>\",\"displayfield-4647-inputEl\":\"Weeks <span style='color:red'>*</span>\",\"orderingStore\":\"7002\"}"},{"searchName":"shalaj ","savedSearchStr":"{\"vendorno\":\"\",\"vendorPartNo\":null,\"merchAnalyzer\":null,\"skus\":\"\",\"skuDesc\":null,\"upcs\":\"\",\"filters\":\"\",\"depts\":\"11\",\"subdepts\":\"\",\"skutype\":\"o\",\"retailFrom\":null,\"retailTo\":null,\"adCode\":[],\"markdown\":false,\"contrFrom\":null,\"contrTo\":null,\"seasonalCode\":[],\"strWosFrom\":null,\"strWosTo\":null,\"dcDays\":\"\",\"compareSalesCombo\":\"W\",\"displayfield-1085-inputEl\":\"Store <span style='color:red'>*</span>\",\"displayfield-1086-inputEl\":\"Sales <span style='color:red'>*</span>\",\"displayfield-1087-inputEl\":\"Weeks <span style='color:red'>*</span>\",\"store1\":\"7002\",\"salesCombo1\":\"TYL\",\"weeksCombo1\":4,\"store2\":\"7002\",\"salesCombo2\":\"LYN\",\"weeksCombo2\":4,\"rankBy\":\"\",\"loadSavedSearchName\":\"\",\"lastloadedPlanningFilterJson\":\"\",\"skuDescMode\":\"S\",\"venPartNoMode\":\"C\",\"store1StartWeek\":\"63\",\"store1EndWeek\":\"66\",\"store2StartWeek\":\"14\",\"store2EndWeek\":\"17\",\"savedSearchName\":\"\",\"savedPlanningFilterName\":\"\",\"displayfield-1227-inputEl\":\"Store <span style='color:red'>*</span>\",\"displayfield-1228-inputEl\":\"Sales <span style='color:red'>*</span>\",\"displayfield-1229-inputEl\":\"Weeks <span style='color:red'>*</span>\",\"orderingStore\":\"7002\"}"},{"searchName":"asdasdadsads","savedSearchStr":"{\"vendorno\":\"\",\"vendorPartNo\":null,\"merchAnalyzer\":null,\"skus\":\"\",\"skuDesc\":null,\"upcs\":\"\",\"filters\":\"\",\"depts\":\"20\",\"subdepts\":\"\",\"skutype\":\"o\",\"retailFrom\":null,\"retailTo\":null,\"adCode\":[],\"markdown\":false,\"contrFrom\":null,\"contrTo\":null,\"seasonalCode\":[],\"strWosFrom\":null,\"strWosTo\":null,\"dcDays\":\"\",\"compareSalesCombo\":\"D\",\"displayfield-1085-inputEl\":\"Store <span style='color:red'>*</span>\",\"displayfield-1086-inputEl\":\"Sales <span style='color:red'>*</span>\",\"displayfield-1087-inputEl\":\"Weeks <span style='color:red'>*</span>\",\"store1\":\"7002\",\"salesCombo1\":\"TYL\",\"weeksCombo1\":4,\"store2\":\"7002\",\"salesCombo2\":\"LYN\",\"weeksCombo2\":4,\"rankBy\":\"S\",\"loadSavedSearchName\":\"\",\"lastloadedPlanningFilterJson\":\"\",\"skuDescMode\":\"S\",\"venPartNoMode\":\"C\",\"store1StartWeek\":\"72\",\"store1EndWeek\":\"72\",\"store2StartWeek\":\"68\",\"store2EndWeek\":\"76\",\"displayfield-3001-inputEl\":\"Store <span style='color:red'>*</span>\",\"displayfield-3002-inputEl\":\"Start Date <span style='color:red'>*</span>\",\"displayfield-3003-inputEl\":\"End Date <span style='color:red'>*</span>\",\"displayfield-3004-inputEl\":\"No. of Weeks\",\"startdate1\":\"07/03/2016\",\"enddate1\":\"07/09/2016\",\"noOfWeeks1\":1,\"startdate2\":\"06/05/2016\",\"enddate2\":\"08/06/2016\",\"noOfWeeks2\":9,\"orderingStore\":\"7002\"}"},{"searchName":"test12345","savedSearchStr":"{\"vendorno\":\"\",\"vendorPartNo\":null,\"merchAnalyzer\":null,\"skus\":\"\",\"skuDesc\":null,\"upcs\":\"\",\"filters\":\"\",\"depts\":\"20\",\"subdepts\":\"\",\"skutype\":\"o\",\"retailFrom\":null,\"retailTo\":null,\"adCode\":[],\"markdown\":false,\"contrFrom\":null,\"contrTo\":null,\"seasonalCode\":[],\"strWosFrom\":null,\"strWosTo\":null,\"dcDays\":\"\",\"compareSalesCombo\":\"D\",\"displayfield-1085-inputEl\":\"Store <span style='color:red'>*</span>\",\"displayfield-1086-inputEl\":\"Sales <span style='color:red'>*</span>\",\"displayfield-1087-inputEl\":\"Weeks <span style='color:red'>*</span>\",\"store1\":\"7002\",\"salesCombo1\":\"TYL\",\"weeksCombo1\":4,\"store2\":\"7002\",\"salesCombo2\":\"LYN\",\"weeksCombo2\":4,\"rankBy\":\"S\",\"loadSavedSearchName\":\"\",\"lastloadedPlanningFilterJson\":\"\",\"skuDescMode\":\"S\",\"venPartNoMode\":\"C\",\"store1StartWeek\":\"68\",\"store1EndWeek\":\"76\",\"store2StartWeek\":\"71\",\"store2EndWeek\":\"76\",\"displayfield-2274-inputEl\":\"Store <span style='color:red'>*</span>\",\"displayfield-2275-inputEl\":\"Start Date <span style='color:red'>*</span>\",\"displayfield-2276-inputEl\":\"End Date <span style='color:red'>*</span>\",\"displayfield-2277-inputEl\":\"No. of Weeks\",\"startdate1\":\"06/05/2016\",\"enddate1\":\"08/06/2016\",\"noOfWeeks1\":9,\"startdate2\":\"06/26/2016\",\"enddate2\":\"08/06/2016\",\"noOfWeeks2\":6,\"orderingStore\":\"7002\"}"},{"searchName":"MultiStoreTest","savedSearchStr":"{\"vendorno\":\"\",\"vendorPartNo\":null,\"merchAnalyzer\":null,\"orderingStore\":\"7002,7020\",\"skus\":\"\",\"skuDesc\":null,\"upcs\":\"\",\"filters\":\"\",\"depts\":\"10\",\"subdepts\":\"\",\"skutype\":\"o\",\"retailFrom\":null,\"retailTo\":null,\"adCode\":[],\"markdown\":false,\"contrFrom\":null,\"contrTo\":null,\"seasonalCode\":[],\"strWosFrom\":null,\"strWosTo\":null,\"dcDays\":\"\",\"compareSalesCombo\":\"W\",\"displayfield-1085-inputEl\":\"Store <span style='color:red'>*</span>\",\"displayfield-1086-inputEl\":\"Sales <span style='color:red'>*</span>\",\"displayfield-1087-inputEl\":\"Weeks <span style='color:red'>*</span>\",\"store1\":\"7002\",\"salesCombo1\":\"TYL\",\"weeksCombo1\":4,\"store2\":\"7002\",\"salesCombo2\":\"LYN\",\"weeksCombo2\":4,\"rankBy\":\"S\",\"loadSavedSearchName\":\"\",\"lastloadedPlanningFilterJson\":\"\",\"skuDescMode\":\"S\",\"venPartNoMode\":\"C\",\"store1StartWeek\":\"79\",\"store1EndWeek\":\"82\",\"store2StartWeek\":\"29\",\"store2EndWeek\":\"32\",\"savedSearchName\":\"\",\"savedPlanningFilterName\":\"\",\"displayfield-1273-inputEl\":\"Store <span style='color:red'>*</span>\",\"displayfield-1274-inputEl\":\"Sales <span style='color:red'>*</span>\",\"displayfield-1275-inputEl\":\"Weeks <span style='color:red'>*</span>\"}"},{"searchName":"150 skus","savedSearchStr":"{\"vendorno\":\"\",\"vendorPartNo\":null,\"merchAnalyzer\":null,\"skus\":\"12708383,12943784,13257057,13328269,13328276,13333492,13346614,13346621,13371289,13384920,13399634,13423193,13521356,13524142,13525927,13526108,13527846,13527884,13527907,13564889,13664541,13672768,13684044,13684051,13684068,13684099,13684105,13684136,13684143,13684204,13684228,13684235,13684334,13684396,13684433,13684495,13684501,13684518,13684525,13684532,13786922,13939380,13969486,14049828,14063435,14283048,14454448,15127167,15133410,15190147,15194930,15200921,15205766,15363909,15382290,15408211,15434388,15473936,15474292,15482440,15501967,15502643,15525574,15527912,15531506,15534965,15543547,15543936,15547309,15549754,15549778,15549785,15560476,15560483,15573896,15576286,15576293,15576309,15576323,15576330,15611857,15613608,15613653,15661777,15661791,15661838,15661852,15720917,15763228,15763259,15775764,15775771,15775818,15779137,15780843,15780874,15796813,15796820,15800992,15821966,15832726,15922953,15948588,15948595,15948618,15948625,15948632,16008649,16028937,16028944,16028951,16030046,30009967,30009974,30010338,30035782,30160132,30387539,30480568,30507456,30507463,30507487,30507500,30507562,30507586,30507593,30507609,30507616,30507623,30507661,30507678,30507685,30507692,30507708,30507715,30507722,30507739,30507746,30507753,30507760,30507777,30507784,30507807,30507821,30630147,30630154,30630161,30658325,30658332,30658349\",\"skuDesc\":null,\"upcs\":\"\",\"filters\":\"\",\"depts\":\"\",\"skutype\":\"o\",\"retailFrom\":null,\"retailTo\":null,\"adCode\":[],\"markdown\":false,\"contrFrom\":null,\"contrTo\":null,\"seasonalCode\":[],\"strWosFrom\":null,\"strWosTo\":null,\"dcDays\":\"\",\"compareSalesCombo\":\"W\",\"displayfield-1085-inputEl\":\"Store <span style='color:red'>*</span>\",\"displayfield-1086-inputEl\":\"Sales <span style='color:red'>*</span>\",\"displayfield-1087-inputEl\":\"Weeks <span style='color:red'>*</span>\",\"store1\":\"7002\",\"salesCombo1\":\"TYL\",\"weeksCombo1\":4,\"store2\":\"7002\",\"salesCombo2\":\"LYN\",\"weeksCombo2\":4,\"rankBy\":\"\",\"loadSavedSearchName\":\"\",\"lastloadedPlanningFilterJson\":\"\",\"skuDescMode\":\"S\",\"venPartNoMode\":\"C\",\"store1StartWeek\":\"65\",\"store1EndWeek\":\"68\",\"store2StartWeek\":\"16\",\"store2EndWeek\":\"19\",\"displayfield-1518-inputEl\":\"Store <span style='color:red'>*</span>\",\"displayfield-1519-inputEl\":\"Sales <span style='color:red'>*</span>\",\"displayfield-1520-inputEl\":\"Weeks <span style='color:red'>*</span>\",\"orderingStore\":\"7002\"}"},{"searchName":"30663404","savedSearchStr":"{\"vendorno\":\"\",\"vendorPartNo\":null,\"merchAnalyzer\":null,\"skus\":\"30663404\",\"skuDesc\":null,\"upcs\":\"\",\"filters\":\"\",\"depts\":\"\",\"skutype\":\"o\",\"retailFrom\":null,\"retailTo\":null,\"adCode\":[],\"markdown\":false,\"contrFrom\":null,\"contrTo\":null,\"seasonalCode\":[],\"strWosFrom\":null,\"strWosTo\":null,\"dcDays\":\"\",\"compareSalesCombo\":\"W\",\"displayfield-1085-inputEl\":\"Store <span style='color:red'>*</span>\",\"displayfield-1086-inputEl\":\"Sales <span style='color:red'>*</span>\",\"displayfield-1087-inputEl\":\"Weeks <span style='color:red'>*</span>\",\"store1\":\"7002\",\"salesCombo1\":\"TYL\",\"weeksCombo1\":4,\"store2\":\"7002\",\"salesCombo2\":\"LYN\",\"weeksCombo2\":4,\"rankBy\":\"\",\"loadSavedSearchName\":\"\",\"lastloadedPlanningFilterJson\":\"\",\"skuDescMode\":\"S\",\"venPartNoMode\":\"C\",\"store1StartWeek\":\"75\",\"store1EndWeek\":\"78\",\"store2StartWeek\":\"26\",\"store2EndWeek\":\"29\",\"displayfield-1435-inputEl\":\"Store <span style='color:red'>*</span>\",\"displayfield-1436-inputEl\":\"Sales <span style='color:red'>*</span>\",\"displayfield-1437-inputEl\":\"Weeks <span style='color:red'>*</span>\",\"orderingStore\":\"7002\"}"},{"searchName":"tess","savedSearchStr":"{\"vendorno\":\"\",\"vendorPartNo\":null,\"merchAnalyzer\":null,\"skus\":\"\",\"skuDesc\":null,\"upcs\":\"\",\"filters\":\"\",\"depts\":\"10\",\"subdepts\":\"\",\"skutype\":\"o\",\"retailFrom\":null,\"retailTo\":null,\"adCode\":[],\"markdown\":false,\"contrFrom\":null,\"contrTo\":null,\"seasonalCode\":[],\"strWosFrom\":null,\"strWosTo\":null,\"dcDays\":\"\",\"compareSalesCombo\":\"W\",\"displayfield-1085-inputEl\":\"Store <span style='color:red'>*</span>\",\"displayfield-1086-inputEl\":\"Sales <span style='color:red'>*</span>\",\"displayfield-1087-inputEl\":\"Weeks <span style='color:red'>*</span>\",\"store1\":\"7002\",\"salesCombo1\":\"TYL\",\"weeksCombo1\":4,\"store2\":\"7002\",\"salesCombo2\":\"LYN\",\"weeksCombo2\":4,\"rankBy\":\"\",\"loadSavedSearchName\":\"\",\"lastloadedPlanningFilterJson\":\"\",\"skuDescMode\":\"S\",\"venPartNoMode\":\"C\",\"store1StartWeek\":\"65\",\"store1EndWeek\":\"68\",\"store2StartWeek\":\"16\",\"store2EndWeek\":\"19\",\"savedSearchName\":\"\",\"savedPlanningFilterName\":\"tes\",\"displayfield-2181-inputEl\":\"Store <span style='color:red'>*</span>\",\"displayfield-2182-inputEl\":\"Sales <span style='color:red'>*</span>\",\"displayfield-2183-inputEl\":\"Weeks <span style='color:red'>*</span>\",\"orderingStore\":\"7002\"}"},{"searchName":"dateRangeSave","savedSearchStr":"{\"vendorno\":\"\",\"vendorPartNo\":null,\"merchAnalyzer\":null,\"skus\":\"\",\"skuDesc\":null,\"upcs\":\"\",\"filters\":\"\",\"depts\":\"20\",\"subdepts\":\"\",\"skutype\":\"o\",\"retailFrom\":null,\"retailTo\":null,\"adCode\":[],\"markdown\":false,\"contrFrom\":null,\"contrTo\":null,\"seasonalCode\":[],\"strWosFrom\":null,\"strWosTo\":null,\"dcDays\":\"\",\"compareSalesCombo\":\"D\",\"displayfield-1085-inputEl\":\"Store <span style='color:red'>*</span>\",\"displayfield-1086-inputEl\":\"Sales <span style='color:red'>*</span>\",\"displayfield-1087-inputEl\":\"Weeks <span style='color:red'>*</span>\",\"store1\":\"7002\",\"salesCombo1\":\"TYL\",\"weeksCombo1\":4,\"store2\":\"7002\",\"salesCombo2\":\"LYN\",\"weeksCombo2\":4,\"rankBy\":\"\",\"loadSavedSearchName\":\"\",\"lastloadedPlanningFilterJson\":\"\",\"skuDescMode\":\"S\",\"venPartNoMode\":\"C\",\"store1StartWeek\":\"83\",\"store1EndWeek\":\"84\",\"store2StartWeek\":\"85\",\"store2EndWeek\":\"85\",\"savedSearchName\":\"\",\"savedPlanningFilterName\":\"\",\"displayfield-1243-inputEl\":\"Store <span style='color:red'>*</span>\",\"displayfield-1244-inputEl\":\"Start Date <span style='color:red'>*</span>\",\"displayfield-1245-inputEl\":\"End Date <span style='color:red'>*</span>\",\"displayfield-1246-inputEl\":\"No. of Weeks\",\"startdate1\":\"09/18/2016\",\"enddate1\":\"10/01/2016\",\"noOfWeeks1\":\"2\",\"startdate2\":\"10/02/2016\",\"enddate2\":\"10/08/2016\",\"noOfWeeks2\":\"1\",\"orderingStore\":\"7002\"}"},{"searchName":"test","savedSearchStr":"{\"vendorno\":\"1\",\"vendorPartNo\":null,\"merchAnalyzer\":null,\"skus\":\"\",\"skuDesc\":null,\"upcs\":\"\",\"filters\":\"\",\"depts\":\"1\",\"subdepts\":\"\",\"skutype\":\"o\",\"retailFrom\":null,\"retailTo\":null,\"adCode\":[],\"markdown\":false,\"contrFrom\":null,\"contrTo\":null,\"seasonalCode\":[],\"strWosFrom\":null,\"strWosTo\":null,\"dcDays\":\"\",\"compareSalesCombo\":\"W\",\"displayfield-1085-inputEl\":\"Store <span style='color:red'>*</span>\",\"displayfield-1086-inputEl\":\"Sales <span style='color:red'>*</span>\",\"displayfield-1087-inputEl\":\"Weeks <span style='color:red'>*</span>\",\"store1\":\"7002\",\"salesCombo1\":\"TYL\",\"weeksCombo1\":4,\"store2\":\"7002\",\"salesCombo2\":\"LYN\",\"weeksCombo2\":4,\"rankBy\":\"S\",\"loadSavedSearchName\":\"\",\"lastloadedPlanningFilterJson\":\"\",\"skuDescMode\":\"S\",\"venPartNoMode\":\"C\",\"store1StartWeek\":\"68\",\"store1EndWeek\":\"71\",\"store2StartWeek\":\"19\",\"store2EndWeek\":\"22\",\"savedSearchName\":\"\",\"savedPlanningFilterName\":\"\",\"displayfield-1292-inputEl\":\"Store <span style='color:red'>*</span>\",\"displayfield-1293-inputEl\":\"Sales <span style='color:red'>*</span>\",\"displayfield-1294-inputEl\":\"Weeks <span style='color:red'>*</span>\",\"orderingStore\":\"7002\"}"},{"searchName":"dave1","savedSearchStr":"{\"vendorno\":\"\",\"vendorPartNo\":null,\"merchAnalyzer\":null,\"orderingStore\":\"7002,7020\",\"skus\":\"\",\"skuDesc\":null,\"upcs\":\"\",\"filters\":\"\",\"depts\":\"10\",\"subdepts\":\"\",\"skutype\":\"o\",\"retailFrom\":null,\"retailTo\":null,\"adCode\":[],\"markdown\":false,\"contrFrom\":null,\"contrTo\":null,\"seasonalCode\":[],\"strWosFrom\":null,\"strWosTo\":null,\"dcDays\":\"\",\"compareSalesCombo\":\"W\",\"displayfield-1499-inputEl\":\"Store <span style='color:red'>*</span>\",\"displayfield-1500-inputEl\":\"Sales <span style='color:red'>*</span>\",\"displayfield-1501-inputEl\":\"Weeks <span style='color:red'>*</span>\",\"store1\":\"7020\",\"salesCombo1\":\"TYL\",\"weeksCombo1\":4,\"store2\":\"7020\",\"salesCombo2\":\"LYN\",\"weeksCombo2\":4,\"rankBy\":\"\",\"loadSavedSearchName\":\"\",\"lastloadedPlanningFilterJson\":\"\",\"skuDescMode\":\"S\",\"venPartNoMode\":\"C\",\"store1StartWeek\":\"58\",\"store1EndWeek\":\"61\",\"store2StartWeek\":\"9\",\"store2EndWeek\":\"12\"}"},{"searchName":"dave test 1","savedSearchStr":"{\"vendorno\":\"\",\"vendorPartNo\":null,\"merchAnalyzer\":null,\"skus\":\"12708383,12943784,13257057,13328269,13328276,13333492,13346614,13346621,13371289,13384920,13399634,13423193,13521356,13524142,13525927,13526108,13527846,13527884,13527907,13564889,13664541,13672768,13684044,13684051,13684068,13684099,13684105,13684136,13684143,13684204,13684228,13684235,13684334,13684396,13684433,13684495,13684501,13684518,13684525,13684532,13786922,13939380,13969486,14049828,14063435,14283048,14454448,15127167,15133410,15190147,15194930,15200921,15205766,15363909,15382290,15408211,15434388,15473936,15474292,15482440,15501967,15502643,15525574,15527912,15531506,15534965,15543547,15543936,15547309,15549754,15549778,15549785,15560476,15560483,15573896,15576286,15576293,15576309,15576323,15576330,15611857,15613608,15613653,15661777,15661791,15661838,15661852,15720917,15763228,15763259,15775764,15775771,15775818,15779137,15780843,15780874,15796813,15796820,15800992,15821966,15832726,15922953,15948588,15948595,15948618,15948625,15948632,16008649,16028937,16028944,16028951,16030046,30009967,30009974,30010338,30035782,30160132,30387539,30480568,30507456,30507463,30507487,30507500,30507562,30507586,30507593,30507609,30507616,30507623,30507661,30507678,30507685,30507692,30507708,30507715,30507722,30507739,30507746,30507753,30507760,30507777,30507784,30507807,30507821,30630147,30630154,30630161,30658325,30658332,30658349\",\"skuDesc\":null,\"upcs\":\"\",\"filters\":\"\",\"depts\":\"10\",\"subdepts\":\"\",\"skutype\":\"o\",\"retailFrom\":null,\"retailTo\":null,\"adCode\":[],\"markdown\":false,\"contrFrom\":null,\"contrTo\":null,\"seasonalCode\":[],\"strWosFrom\":null,\"strWosTo\":null,\"dcDays\":\"\",\"compareSalesCombo\":\"D\",\"displayfield-1085-inputEl\":\"Store <span style='color:red'>*</span>\",\"displayfield-1086-inputEl\":\"Sales <span style='color:red'>*</span>\",\"displayfield-1087-inputEl\":\"Weeks <span style='color:red'>*</span>\",\"store1\":\"7002\",\"salesCombo1\":\"TYL\",\"weeksCombo1\":4,\"store2\":\"7002\",\"salesCombo2\":\"LYN\",\"weeksCombo2\":4,\"rankBy\":\"S\",\"loadSavedSearchName\":\"150 skus\",\"lastloadedPlanningFilterJson\":\"\",\"skuDescMode\":\"S\",\"venPartNoMode\":\"C\",\"store1StartWeek\":\"84\",\"store1EndWeek\":\"84\",\"store2StartWeek\":\"84\",\"store2EndWeek\":\"84\",\"savedSearchName\":\"150 skus\",\"savedPlanningFilterName\":\"\",\"displayfield-2717-inputEl\":\"Store <span style='color:red'>*</span>\",\"displayfield-2718-inputEl\":\"Start Date <span style='color:red'>*</span>\",\"displayfield-2719-inputEl\":\"End Date <span style='color:red'>*</span>\",\"displayfield-2720-inputEl\":\"No. of Weeks\",\"startdate1\":\"09/25/2016\",\"enddate1\":\"10/01/2016\",\"noOfWeeks1\":1,\"startdate2\":\"09/25/2016\",\"enddate2\":\"10/01/2016\",\"noOfWeeks2\":1,\"orderingStore\":\"7002\"}"},{"searchName":"test_1","savedSearchStr":"{\"vendorno\":\"\",\"vendorPartNo\":null,\"merchAnalyzer\":null,\"skus\":\"\",\"skuDesc\":\"$stks bath salt kiwi\",\"upcs\":\"\",\"filters\":\"\",\"depts\":\"1\",\"subdepts\":\"\",\"skutype\":\"o\",\"retailFrom\":null,\"retailTo\":null,\"adCode\":[],\"markdown\":false,\"contrFrom\":null,\"contrTo\":null,\"seasonalCode\":[],\"strWosFrom\":null,\"strWosTo\":null,\"dcDays\":\"\",\"compareSalesCombo\":\"W\",\"displayfield-1085-inputEl\":\"Store <span style='color:red'>*</span>\",\"displayfield-1086-inputEl\":\"Sales <span style='color:red'>*</span>\",\"displayfield-1087-inputEl\":\"Weeks <span style='color:red'>*</span>\",\"store1\":\"7002\",\"salesCombo1\":\"TYL\",\"weeksCombo1\":4,\"store2\":\"7002\",\"salesCombo2\":\"LYN\",\"weeksCombo2\":4,\"rankBy\":\"S\",\"loadSavedSearchName\":\"test\",\"lastloadedPlanningFilterJson\":\"\",\"skuDescMode\":\"C\",\"venPartNoMode\":\"S\",\"store1StartWeek\":\"68\",\"store1EndWeek\":\"71\",\"store2StartWeek\":\"19\",\"store2EndWeek\":\"22\",\"savedSearchName\":\"test\",\"savedPlanningFilterName\":\"\",\"displayfield-2178-inputEl\":\"Store <span style='color:red'>*</span>\",\"displayfield-2179-inputEl\":\"Sales <span style='color:red'>*</span>\",\"displayfield-2180-inputEl\":\"Weeks <span style='color:red'>*</span>\",\"orderingStore\":\"7002\"}"},{"searchName":"15877574 deal","savedSearchStr":"{\"vendorno\":\"\",\"vendorPartNo\":null,\"merchAnalyzer\":null,\"skus\":\"15877574\",\"skuDesc\":null,\"upcs\":\"\",\"filters\":\"\",\"depts\":\"\",\"skutype\":\"all\",\"retailFrom\":null,\"retailTo\":null,\"adCode\":[],\"markdown\":false,\"contrFrom\":null,\"contrTo\":null,\"seasonalCode\":[],\"strWosFrom\":null,\"strWosTo\":null,\"dcDays\":\"\",\"compareSalesCombo\":\"W\",\"displayfield-1419-inputEl\":\"Store <span style='color:red'>*</span>\",\"displayfield-1420-inputEl\":\"Sales <span style='color:red'>*</span>\",\"displayfield-1421-inputEl\":\"Weeks <span style='color:red'>*</span>\",\"store1\":\"7002\",\"salesCombo1\":\"TYL\",\"weeksCombo1\":4,\"store2\":\"7002\",\"salesCombo2\":\"LYN\",\"weeksCombo2\":4,\"rankBy\":\"\",\"loadSavedSearchName\":\"\",\"lastloadedPlanningFilterJson\":\"\",\"skuDescMode\":\"S\",\"venPartNoMode\":\"C\",\"store1StartWeek\":\"75\",\"store1EndWeek\":\"78\",\"store2StartWeek\":\"26\",\"store2EndWeek\":\"29\",\"orderingStore\":\"7002\"}"},{"searchName":"HideSameRetailComponents","savedSearchStr":"{\"vendorno\":\"\",\"vendorPartNo\":null,\"merchAnalyzer\":null,\"skus\":\"30765009,30831681\",\"skuDesc\":null,\"upcs\":\"\",\"filters\":\"\",\"depts\":\"\",\"skutype\":\"o\",\"retailFrom\":null,\"retailTo\":null,\"adCode\":[],\"markdown\":false,\"contrFrom\":null,\"contrTo\":null,\"seasonalCode\":[],\"strWosFrom\":null,\"strWosTo\":null,\"dcDays\":\"\",\"compareSalesCombo\":\"W\",\"displayfield-1418-inputEl\":\"Store <span style='color:red'>*</span>\",\"displayfield-1419-inputEl\":\"Sales <span style='color:red'>*</span>\",\"displayfield-1420-inputEl\":\"Weeks <span style='color:red'>*</span>\",\"store1\":\"7002\",\"salesCombo1\":\"TYL\",\"weeksCombo1\":4,\"store2\":\"7002\",\"salesCombo2\":\"LYN\",\"weeksCombo2\":4,\"rankBy\":\"S\",\"loadSavedSearchName\":\"\",\"lastloadedPlanningFilterJson\":\"\",\"skuDescMode\":\"S\",\"venPartNoMode\":\"C\",\"store1StartWeek\":\"78\",\"store1EndWeek\":\"81\",\"store2StartWeek\":\"29\",\"store2EndWeek\":\"32\",\"displayfield-1468-inputEl\":\"Store <span style='color:red'>*</span>\",\"displayfield-1469-inputEl\":\"Sales <span style='color:red'>*</span>\",\"displayfield-1470-inputEl\":\"Weeks <span style='color:red'>*</span>\",\"orderingStore\":\"7002\"}"},{"searchName":"skus red","savedSearchStr":"{\"vendorno\":\"\",\"vendorPartNo\":null,\"merchAnalyzer\":null,\"skus\":\"30584709,30199309,30092150,30490000,30092181\",\"skuDesc\":null,\"upcs\":\"\",\"filters\":\"\",\"depts\":\"\",\"skutype\":\"all\",\"retailFrom\":null,\"retailTo\":null,\"adCode\":[],\"markdown\":false,\"contrFrom\":null,\"contrTo\":null,\"seasonalCode\":[],\"strWosFrom\":null,\"strWosTo\":null,\"dcDays\":\"\",\"compareSalesCombo\":\"W\",\"displayfield-1085-inputEl\":\"Store <span style='color:red'>*</span>\",\"displayfield-1086-inputEl\":\"Sales <span style='color:red'>*</span>\",\"displayfield-1087-inputEl\":\"Weeks <span style='color:red'>*</span>\",\"store1\":\"7002\",\"salesCombo1\":\"TYL\",\"weeksCombo1\":4,\"store2\":\"7002\",\"salesCombo2\":\"LYN\",\"weeksCombo2\":4,\"rankBy\":\"\",\"loadSavedSearchName\":\"\",\"lastloadedPlanningFilterJson\":\"\",\"skuDescMode\":\"S\",\"venPartNoMode\":\"C\",\"store1StartWeek\":\"65\",\"store1EndWeek\":\"68\",\"store2StartWeek\":\"15\",\"store2EndWeek\":\"18\",\"displayfield-2826-inputEl\":\"Store <span style='color:red'>*</span>\",\"displayfield-2827-inputEl\":\"Sales <span style='color:red'>*</span>\",\"displayfield-2828-inputEl\":\"Weeks <span style='color:red'>*</span>\",\"orderingStore\":\"7002\"}"},{"searchName":"Deal next page","savedSearchStr":"{\"vendorno\":\"\",\"vendorPartNo\":null,\"merchAnalyzer\":null,\"skus\":\"30397668,30402799,30397651,30560284,30716568,30557109,30455375,30637030,30491045,30491144,30239265,30400368,30657236\",\"skuDesc\":null,\"upcs\":\"\",\"filters\":\"\",\"depts\":\"\",\"skutype\":\"o\",\"retailFrom\":null,\"retailTo\":null,\"adCode\":[],\"markdown\":false,\"contrFrom\":null,\"contrTo\":null,\"seasonalCode\":[],\"strWosFrom\":null,\"strWosTo\":null,\"dcDays\":\"\",\"compareSalesCombo\":\"W\",\"displayfield-1612-inputEl\":\"Store <span style='color:red'>*</span>\",\"displayfield-1613-inputEl\":\"Sales <span style='color:red'>*</span>\",\"displayfield-1614-inputEl\":\"Weeks <span style='color:red'>*</span>\",\"store1\":\"7002\",\"salesCombo1\":\"TYL\",\"weeksCombo1\":4,\"store2\":\"7002\",\"salesCombo2\":\"LYN\",\"weeksCombo2\":4,\"rankBy\":\"\",\"loadSavedSearchName\":\"\",\"lastloadedPlanningFilterJson\":\"\",\"skuDescMode\":\"S\",\"venPartNoMode\":\"C\",\"store1StartWeek\":\"78\",\"store1EndWeek\":\"81\",\"store2StartWeek\":\"29\",\"store2EndWeek\":\"32\",\"orderingStore\":\"7002\"}"}]